start_time,away_team,away_team_score,home_team,home_team_score
1997-10-31 05:00:00+00:00,CHICAGO BULLS,85,BOSTON CELTICS,92
1997-10-31 05:00:00+00:00,NEW YORK KNICKS,97,CHARLOTTE HORNETS,85
1997-10-31 05:00:00+00:00,SAN ANTONIO SPURS,107,DENVER NUGGETS,96
1997-10-31 05:00:00+00:00,WASHINGTON WIZARDS,79,DETROIT PISTONS,92
1997-10-31 05:00:00+00:00,CLEVELAND CAVALIERS,86,HOUSTON ROCKETS,94
1997-10-31 05:00:00+00:00,UTAH JAZZ,87,LOS ANGELES LAKERS,104
1997-10-31 05:00:00+00:00,TORONTO RAPTORS,101,MIAMI HEAT,114
1997-10-31 05:00:00+00:00,GOLDEN STATE WARRIORS,113,MINNESOTA TIMBERWOLVES,129
1997-10-31 05:00:00+00:00,INDIANA PACERS,95,NEW JERSEY NETS,97
1997-10-31 05:00:00+00:00,ATLANTA HAWKS,105,ORLANDO MAGIC,99
1997-10-31 05:00:00+00:00,MILWAUKEE BUCKS,103,PHILADELPHIA 76ERS,88
1997-10-31 05:00:00+00:00,LOS ANGELES CLIPPERS,100,PHOENIX SUNS,110
1997-10-31 05:00:00+00:00,SEATTLE SUPERSONICS,91,PORTLAND TRAIL BLAZERS,83
1997-10-31 05:00:00+00:00,DALLAS MAVERICKS,90,VANCOUVER GRIZZLIES,88
1997-11-01 05:00:00+00:00,TORONTO RAPTORS,85,ATLANTA HAWKS,90
1997-11-01 05:00:00+00:00,PHILADELPHIA 76ERS,74,CHICAGO BULLS,94
1997-11-01 05:00:00+00:00,GOLDEN STATE WARRIORS,83,INDIANA PACERS,96
1997-11-01 05:00:00+00:00,PORTLAND TRAIL BLAZERS,82,LOS ANGELES CLIPPERS,74
1997-11-01 05:00:00+00:00,NEW JERSEY NETS,113,MILWAUKEE BUCKS,109
1997-11-01 05:00:00+00:00,CHARLOTTE HORNETS,90,MINNESOTA TIMBERWOLVES,106
1997-11-01 05:00:00+00:00,CLEVELAND CAVALIERS,80,SAN ANTONIO SPURS,83
1997-11-01 05:00:00+00:00,DALLAS MAVERICKS,89,SEATTLE SUPERSONICS,81
1997-11-01 05:00:00+00:00,DENVER NUGGETS,84,UTAH JAZZ,102
1997-11-01 05:00:00+00:00,SACRAMENTO KINGS,96,VANCOUVER GRIZZLIES,97
1997-11-01 05:00:00+00:00,MIAMI HEAT,109,WASHINGTON WIZARDS,108
1997-11-02 05:00:00+00:00,ORLANDO MAGIC,107,BOSTON CELTICS,96
1997-11-02 05:00:00+00:00,DETROIT PISTONS,94,NEW YORK KNICKS,86
1997-11-02 05:00:00+00:00,HOUSTON ROCKETS,93,SACRAMENTO KINGS,77
1997-11-03 05:00:00+00:00,SAN ANTONIO SPURS,83,CHICAGO BULLS,87
1997-11-03 05:00:00+00:00,CHARLOTTE HORNETS,112,MIAMI HEAT,99
1997-11-03 05:00:00+00:00,WASHINGTON WIZARDS,90,UTAH JAZZ,86
1997-11-04 05:00:00+00:00,DETROIT PISTONS,71,ATLANTA HAWKS,82
1997-11-04 05:00:00+00:00,INDIANA PACERS,77,CLEVELAND CAVALIERS,80
1997-11-04 05:00:00+00:00,VANCOUVER GRIZZLIES,87,DALLAS MAVERICKS,92
1997-11-04 05:00:00+00:00,WASHINGTON WIZARDS,120,DENVER NUGGETS,96
1997-11-04 05:00:00+00:00,ORLANDO MAGIC,76,MILWAUKEE BUCKS,110
1997-11-04 05:00:00+00:00,BOSTON CELTICS,70,NEW YORK KNICKS,102
1997-11-04 05:00:00+00:00,UTAH JAZZ,84,PHOENIX SUNS,106
1997-11-04 05:00:00+00:00,MINNESOTA TIMBERWOLVES,105,PORTLAND TRAIL BLAZERS,122
1997-11-04 05:00:00+00:00,LOS ANGELES LAKERS,101,SACRAMENTO KINGS,98
1997-11-04 05:00:00+00:00,HOUSTON ROCKETS,94,SEATTLE SUPERSONICS,118
1997-11-04 05:00:00+00:00,GOLDEN STATE WARRIORS,86,TORONTO RAPTORS,104
1997-11-05 05:00:00+00:00,MIAMI HEAT,90,BOSTON CELTICS,74
1997-11-05 05:00:00+00:00,DALLAS MAVERICKS,103,CHARLOTTE HORNETS,110
1997-11-05 05:00:00+00:00,ORLANDO MAGIC,81,CHICAGO BULLS,94
1997-11-05 05:00:00+00:00,INDIANA PACERS,99,DETROIT PISTONS,87
1997-11-05 05:00:00+00:00,HOUSTON ROCKETS,124,LOS ANGELES CLIPPERS,110
1997-11-05 05:00:00+00:00,GOLDEN STATE WARRIORS,96,NEW JERSEY NETS,112
1997-11-05 05:00:00+00:00,ATLANTA HAWKS,93,PHILADELPHIA 76ERS,88
1997-11-05 05:00:00+00:00,VANCOUVER GRIZZLIES,79,SAN ANTONIO SPURS,87
1997-11-06 05:00:00+00:00,PHILADELPHIA 76ERS,93,MILWAUKEE BUCKS,100
1997-11-06 05:00:00+00:00,NEW YORK KNICKS,105,PHOENIX SUNS,75
1997-11-06 05:00:00+00:00,SEATTLE SUPERSONICS,109,TORONTO RAPTORS,92
1997-11-07 05:00:00+00:00,CHICAGO BULLS,78,ATLANTA HAWKS,80
1997-11-07 05:00:00+00:00,CLEVELAND CAVALIERS,96,BOSTON CELTICS,92
1997-11-07 05:00:00+00:00,UTAH JAZZ,91,DENVER NUGGETS,89
1997-11-07 05:00:00+00:00,ORLANDO MAGIC,89,DETROIT PISTONS,84
1997-11-07 05:00:00+00:00,PORTLAND TRAIL BLAZERS,86,HOUSTON ROCKETS,85
1997-11-07 05:00:00+00:00,SEATTLE SUPERSONICS,99,INDIANA PACERS,93
1997-11-07 05:00:00+00:00,NEW YORK KNICKS,94,LOS ANGELES LAKERS,99
1997-11-07 05:00:00+00:00,MIAMI HEAT,87,NEW JERSEY NETS,99
1997-11-07 05:00:00+00:00,LOS ANGELES CLIPPERS,98,SACRAMENTO KINGS,85
1997-11-07 05:00:00+00:00,MINNESOTA TIMBERWOLVES,108,VANCOUVER GRIZZLIES,97
1997-11-07 05:00:00+00:00,CHARLOTTE HORNETS,107,WASHINGTON WIZARDS,92
1997-11-08 05:00:00+00:00,INDIANA PACERS,82,CHARLOTTE HORNETS,89
1997-11-08 05:00:00+00:00,NEW JERSEY NETS,86,CHICAGO BULLS,99
1997-11-08 05:00:00+00:00,ATLANTA HAWKS,99,CLEVELAND CAVALIERS,97
1997-11-08 05:00:00+00:00,PORTLAND TRAIL BLAZERS,101,DALLAS MAVERICKS,94
1997-11-08 05:00:00+00:00,MINNESOTA TIMBERWOLVES,97,GOLDEN STATE WARRIORS,90
1997-11-08 05:00:00+00:00,PHOENIX SUNS,123,LOS ANGELES CLIPPERS,105
1997-11-08 05:00:00+00:00,WASHINGTON WIZARDS,106,MIAMI HEAT,114
1997-11-08 05:00:00+00:00,BOSTON CELTICS,96,MILWAUKEE BUCKS,105
1997-11-08 05:00:00+00:00,TORONTO RAPTORS,87,ORLANDO MAGIC,96
1997-11-08 05:00:00+00:00,UTAH JAZZ,80,SAN ANTONIO SPURS,87
1997-11-09 05:00:00+00:00,GOLDEN STATE WARRIORS,97,LOS ANGELES LAKERS,132
1997-11-09 05:00:00+00:00,SEATTLE SUPERSONICS,112,PHILADELPHIA 76ERS,105
1997-11-09 05:00:00+00:00,NEW YORK KNICKS,78,SACRAMENTO KINGS,86
1997-11-09 05:00:00+00:00,DETROIT PISTONS,96,VANCOUVER GRIZZLIES,104
1997-11-10 05:00:00+00:00,DETROIT PISTONS,82,PORTLAND TRAIL BLAZERS,86
1997-11-10 05:00:00+00:00,SAN ANTONIO SPURS,100,TORONTO RAPTORS,98
1997-11-11 05:00:00+00:00,SEATTLE SUPERSONICS,87,ATLANTA HAWKS,89
1997-11-11 05:00:00+00:00,CHICAGO BULLS,80,CLEVELAND CAVALIERS,101
1997-11-11 05:00:00+00:00,LOS ANGELES LAKERS,118,DALLAS MAVERICKS,96
1997-11-11 05:00:00+00:00,SACRAMENTO KINGS,82,MIAMI HEAT,101
1997-11-11 05:00:00+00:00,SAN ANTONIO SPURS,93,MINNESOTA TIMBERWOLVES,92
1997-11-11 05:00:00+00:00,DENVER NUGGETS,90,NEW YORK KNICKS,93
1997-11-11 05:00:00+00:00,LOS ANGELES CLIPPERS,113,VANCOUVER GRIZZLIES,119
1997-11-12 05:00:00+00:00,DENVER NUGGETS,86,BOSTON CELTICS,96
1997-11-12 05:00:00+00:00,WASHINGTON WIZARDS,90,CHICAGO BULLS,83
1997-11-12 05:00:00+00:00,DETROIT PISTONS,102,GOLDEN STATE WARRIORS,71
1997-11-12 05:00:00+00:00,PHILADELPHIA 76ERS,114,HOUSTON ROCKETS,100
1997-11-12 05:00:00+00:00,ATLANTA HAWKS,89,INDIANA PACERS,86
1997-11-12 05:00:00+00:00,SACRAMENTO KINGS,115,ORLANDO MAGIC,89
1997-11-12 05:00:00+00:00,MILWAUKEE BUCKS,95,PHOENIX SUNS,103
1997-11-12 05:00:00+00:00,NEW YORK KNICKS,93,TORONTO RAPTORS,70
1997-11-12 05:00:00+00:00,VANCOUVER GRIZZLIES,80,UTAH JAZZ,98
1997-11-13 05:00:00+00:00,PHILADELPHIA 76ERS,99,DALLAS MAVERICKS,98
1997-11-13 05:00:00+00:00,MILWAUKEE BUCKS,102,LOS ANGELES CLIPPERS,94
1997-11-13 05:00:00+00:00,WASHINGTON WIZARDS,91,MINNESOTA TIMBERWOLVES,88
1997-11-13 05:00:00+00:00,CLEVELAND CAVALIERS,85,NEW JERSEY NETS,74
1997-11-13 05:00:00+00:00,LOS ANGELES LAKERS,109,SAN ANTONIO SPURS,100
1997-11-13 05:00:00+00:00,DETROIT PISTONS,89,SEATTLE SUPERSONICS,95
1997-11-14 05:00:00+00:00,SACRAMENTO KINGS,103,ATLANTA HAWKS,104
1997-11-14 05:00:00+00:00,TORONTO RAPTORS,99,BOSTON CELTICS,103
1997-11-14 05:00:00+00:00,CHARLOTTE HORNETS,92,CHICAGO BULLS,105
1997-11-14 05:00:00+00:00,LOS ANGELES LAKERS,113,HOUSTON ROCKETS,103
1997-11-14 05:00:00+00:00,MIAMI HEAT,78,INDIANA PACERS,82
1997-11-14 05:00:00+00:00,DENVER NUGGETS,85,ORLANDO MAGIC,103
1997-11-14 05:00:00+00:00,PHOENIX SUNS,140,PORTLAND TRAIL BLAZERS,139
1997-11-14 05:00:00+00:00,SEATTLE SUPERSONICS,104,UTAH JAZZ,110
1997-11-15 05:00:00+00:00,LOS ANGELES CLIPPERS,96,CHARLOTTE HORNETS,130
1997-11-15 05:00:00+00:00,CLEVELAND CAVALIERS,70,CHICAGO BULLS,79
1997-11-15 05:00:00+00:00,UTAH JAZZ,85,DALLAS MAVERICKS,77
1997-11-15 05:00:00+00:00,NEW JERSEY NETS,88,DETROIT PISTONS,96
1997-11-15 05:00:00+00:00,PORTLAND TRAIL BLAZERS,99,GOLDEN STATE WARRIORS,87
1997-11-15 05:00:00+00:00,DENVER NUGGETS,93,MIAMI HEAT,96
1997-11-15 05:00:00+00:00,SACRAMENTO KINGS,87,NEW YORK KNICKS,114
1997-11-15 05:00:00+00:00,BOSTON CELTICS,107,PHILADELPHIA 76ERS,101
1997-11-15 05:00:00+00:00,MINNESOTA TIMBERWOLVES,105,SAN ANTONIO SPURS,94
1997-11-15 05:00:00+00:00,INDIANA PACERS,105,TORONTO RAPTORS,77
1997-11-15 05:00:00+00:00,MILWAUKEE BUCKS,94,VANCOUVER GRIZZLIES,109
1997-11-15 05:00:00+00:00,ORLANDO MAGIC,102,WASHINGTON WIZARDS,91
1997-11-16 05:00:00+00:00,LOS ANGELES CLIPPERS,83,ATLANTA HAWKS,89
1997-11-16 05:00:00+00:00,NEW JERSEY NETS,77,CLEVELAND CAVALIERS,72
1997-11-16 05:00:00+00:00,VANCOUVER GRIZZLIES,95,LOS ANGELES LAKERS,121
1997-11-16 05:00:00+00:00,HOUSTON ROCKETS,94,PHOENIX SUNS,96
1997-11-16 05:00:00+00:00,MILWAUKEE BUCKS,99,SEATTLE SUPERSONICS,119
1997-11-17 05:00:00+00:00,DALLAS MAVERICKS,75,PORTLAND TRAIL BLAZERS,120
1997-11-18 05:00:00+00:00,WASHINGTON WIZARDS,89,ATLANTA HAWKS,98
1997-11-18 05:00:00+00:00,VANCOUVER GRIZZLIES,100,DENVER NUGGETS,87
1997-11-18 05:00:00+00:00,NEW YORK KNICKS,84,HOUSTON ROCKETS,95
1997-11-18 05:00:00+00:00,DETROIT PISTONS,79,MILWAUKEE BUCKS,87
1997-11-18 05:00:00+00:00,LOS ANGELES CLIPPERS,94,ORLANDO MAGIC,112
1997-11-18 05:00:00+00:00,MINNESOTA TIMBERWOLVES,108,PHOENIX SUNS,90
1997-11-18 05:00:00+00:00,DALLAS MAVERICKS,95,SACRAMENTO KINGS,102
1997-11-18 05:00:00+00:00,BOSTON CELTICS,122,TORONTO RAPTORS,109
1997-11-18 05:00:00+00:00,LOS ANGELES LAKERS,97,UTAH JAZZ,92
1997-11-19 05:00:00+00:00,PORTLAND TRAIL BLAZERS,92,CHARLOTTE HORNETS,106
1997-11-19 05:00:00+00:00,ORLANDO MAGIC,96,CLEVELAND CAVALIERS,93
1997-11-19 05:00:00+00:00,MINNESOTA TIMBERWOLVES,93,LOS ANGELES LAKERS,118
1997-11-19 05:00:00+00:00,LOS ANGELES CLIPPERS,113,MIAMI HEAT,122
1997-11-19 05:00:00+00:00,BOSTON CELTICS,100,NEW JERSEY NETS,108
1997-11-19 05:00:00+00:00,WASHINGTON WIZARDS,86,PHILADELPHIA 76ERS,97
1997-11-19 05:00:00+00:00,GOLDEN STATE WARRIORS,87,SAN ANTONIO SPURS,108
1997-11-19 05:00:00+00:00,VANCOUVER GRIZZLIES,87,SEATTLE SUPERSONICS,107
1997-11-20 05:00:00+00:00,NEW YORK KNICKS,100,ATLANTA HAWKS,79
1997-11-20 05:00:00+00:00,GOLDEN STATE WARRIORS,101,DALLAS MAVERICKS,97
1997-11-20 05:00:00+00:00,PORTLAND TRAIL BLAZERS,93,DETROIT PISTONS,87
1997-11-20 05:00:00+00:00,TORONTO RAPTORS,97,HOUSTON ROCKETS,127
1997-11-20 05:00:00+00:00,INDIANA PACERS,109,MILWAUKEE BUCKS,83
1997-11-20 05:00:00+00:00,CHICAGO BULLS,85,PHOENIX SUNS,89
1997-11-20 05:00:00+00:00,UTAH JAZZ,95,SACRAMENTO KINGS,97
1997-11-21 05:00:00+00:00,NEW JERSEY NETS,93,BOSTON CELTICS,101
1997-11-21 05:00:00+00:00,MIAMI HEAT,102,CHARLOTTE HORNETS,119
1997-11-21 05:00:00+00:00,CHICAGO BULLS,111,LOS ANGELES CLIPPERS,102
1997-11-21 05:00:00+00:00,CLEVELAND CAVALIERS,103,MINNESOTA TIMBERWOLVES,80
1997-11-21 05:00:00+00:00,SAN ANTONIO SPURS,74,SEATTLE SUPERSONICS,94
1997-11-21 05:00:00+00:00,DENVER NUGGETS,96,VANCOUVER GRIZZLIES,99
1997-11-21 05:00:00+00:00,NEW YORK KNICKS,104,WASHINGTON WIZARDS,82
1997-11-22 05:00:00+00:00,WASHINGTON WIZARDS,101,CLEVELAND CAVALIERS,110
1997-11-22 05:00:00+00:00,MILWAUKEE BUCKS,83,DALLAS MAVERICKS,62
1997-11-22 05:00:00+00:00,SEATTLE SUPERSONICS,84,DENVER NUGGETS,80
1997-11-22 05:00:00+00:00,ATLANTA HAWKS,85,DETROIT PISTONS,87
1997-11-22 05:00:00+00:00,GOLDEN STATE WARRIORS,84,HOUSTON ROCKETS,90
1997-11-22 05:00:00+00:00,CHARLOTTE HORNETS,95,INDIANA PACERS,94
1997-11-22 05:00:00+00:00,TORONTO RAPTORS,104,MIAMI HEAT,108
1997-11-22 05:00:00+00:00,PORTLAND TRAIL BLAZERS,87,NEW JERSEY NETS,93
1997-11-22 05:00:00+00:00,ORLANDO MAGIC,108,PHILADELPHIA 76ERS,94
1997-11-22 05:00:00+00:00,SAN ANTONIO SPURS,74,UTAH JAZZ,103
1997-11-23 05:00:00+00:00,DETROIT PISTONS,86,BOSTON CELTICS,90
1997-11-23 05:00:00+00:00,LOS ANGELES CLIPPERS,102,LOS ANGELES LAKERS,119
1997-11-23 05:00:00+00:00,VANCOUVER GRIZZLIES,84,NEW YORK KNICKS,104
1997-11-23 05:00:00+00:00,CHICAGO BULLS,103,SACRAMENTO KINGS,88
1997-11-24 05:00:00+00:00,WASHINGTON WIZARDS,87,ORLANDO MAGIC,95
1997-11-24 05:00:00+00:00,PORTLAND TRAIL BLAZERS,91,TORONTO RAPTORS,90
1997-11-24 05:00:00+00:00,MINNESOTA TIMBERWOLVES,124,UTAH JAZZ,133
1997-11-25 05:00:00+00:00,DETROIT PISTONS,85,CHARLOTTE HORNETS,90
1997-11-25 05:00:00+00:00,SAN ANTONIO SPURS,102,DALLAS MAVERICKS,91
1997-11-25 05:00:00+00:00,NEW JERSEY NETS,101,GOLDEN STATE WARRIORS,87
1997-11-25 05:00:00+00:00,LOS ANGELES LAKERS,86,MIAMI HEAT,103
1997-11-25 05:00:00+00:00,DENVER NUGGETS,93,SACRAMENTO KINGS,97
1997-11-25 05:00:00+00:00,CHICAGO BULLS,90,SEATTLE SUPERSONICS,91
1997-11-26 05:00:00+00:00,LOS ANGELES LAKERS,118,BOSTON CELTICS,103
1997-11-26 05:00:00+00:00,SACRAMENTO KINGS,97,LOS ANGELES CLIPPERS,99
1997-11-26 05:00:00+00:00,VANCOUVER GRIZZLIES,82,MILWAUKEE BUCKS,101
1997-11-26 05:00:00+00:00,PORTLAND TRAIL BLAZERS,96,MINNESOTA TIMBERWOLVES,90
1997-11-26 05:00:00+00:00,MIAMI HEAT,84,ORLANDO MAGIC,60
1997-11-26 05:00:00+00:00,CLEVELAND CAVALIERS,95,PHILADELPHIA 76ERS,89
1997-11-26 05:00:00+00:00,NEW JERSEY NETS,99,PHOENIX SUNS,111
1997-11-26 05:00:00+00:00,WASHINGTON WIZARDS,98,SAN ANTONIO SPURS,94
1997-11-26 05:00:00+00:00,ATLANTA HAWKS,109,TORONTO RAPTORS,104
1997-11-27 05:00:00+00:00,VANCOUVER GRIZZLIES,85,INDIANA PACERS,106
1997-11-28 05:00:00+00:00,PHOENIX SUNS,112,BOSTON CELTICS,108
1997-11-28 05:00:00+00:00,CLEVELAND CAVALIERS,97,CHARLOTTE HORNETS,91
1997-11-28 05:00:00+00:00,TORONTO RAPTORS,91,DALLAS MAVERICKS,93
1997-11-28 05:00:00+00:00,MINNESOTA TIMBERWOLVES,84,DENVER NUGGETS,95
1997-11-28 05:00:00+00:00,NEW YORK KNICKS,78,DETROIT PISTONS,86
1997-11-28 05:00:00+00:00,CHICAGO BULLS,83,INDIANA PACERS,94
1997-11-28 05:00:00+00:00,NEW JERSEY NETS,104,LOS ANGELES CLIPPERS,92
1997-11-28 05:00:00+00:00,MILWAUKEE BUCKS,90,ORLANDO MAGIC,94
1997-11-28 05:00:00+00:00,LOS ANGELES LAKERS,95,PHILADELPHIA 76ERS,105
1997-11-28 05:00:00+00:00,HOUSTON ROCKETS,98,PORTLAND TRAIL BLAZERS,89
1997-11-28 05:00:00+00:00,SACRAMENTO KINGS,96,SEATTLE SUPERSONICS,113
1997-11-28 05:00:00+00:00,GOLDEN STATE WARRIORS,82,UTAH JAZZ,111
1997-11-29 05:00:00+00:00,CHARLOTTE HORNETS,80,ATLANTA HAWKS,98
1997-11-29 05:00:00+00:00,BOSTON CELTICS,97,CLEVELAND CAVALIERS,103
1997-11-29 05:00:00+00:00,HOUSTON ROCKETS,107,GOLDEN STATE WARRIORS,100
1997-11-29 05:00:00+00:00,UTAH JAZZ,94,LOS ANGELES CLIPPERS,91
1997-11-29 05:00:00+00:00,MILWAUKEE BUCKS,93,MIAMI HEAT,87
1997-11-29 05:00:00+00:00,VANCOUVER GRIZZLIES,87,MINNESOTA TIMBERWOLVES,106
1997-11-29 05:00:00+00:00,PHOENIX SUNS,80,NEW YORK KNICKS,102
1997-11-29 05:00:00+00:00,DALLAS MAVERICKS,87,SAN ANTONIO SPURS,96
1997-11-29 05:00:00+00:00,CHICAGO BULLS,88,WASHINGTON WIZARDS,83
1997-11-30 05:00:00+00:00,SAN ANTONIO SPURS,96,ATLANTA HAWKS,108
1997-11-30 05:00:00+00:00,VANCOUVER GRIZZLIES,97,DETROIT PISTONS,95
1997-11-30 05:00:00+00:00,PHILADELPHIA 76ERS,89,INDIANA PACERS,101
1997-11-30 05:00:00+00:00,TORONTO RAPTORS,99,LOS ANGELES LAKERS,105
1997-11-30 05:00:00+00:00,NEW JERSEY NETS,87,SACRAMENTO KINGS,73
1997-11-30 05:00:00+00:00,ORLANDO MAGIC,81,SEATTLE SUPERSONICS,103
1997-12-01 05:00:00+00:00,NEW JERSEY NETS,95,UTAH JAZZ,100
1997-12-02 05:00:00+00:00,SACRAMENTO KINGS,102,CHARLOTTE HORNETS,121
1997-12-02 05:00:00+00:00,ATLANTA HAWKS,112,DALLAS MAVERICKS,79
1997-12-02 05:00:00+00:00,DENVER NUGGETS,101,HOUSTON ROCKETS,112
1997-12-02 05:00:00+00:00,PHOENIX SUNS,90,MILWAUKEE BUCKS,86
1997-12-02 05:00:00+00:00,ORLANDO MAGIC,89,PORTLAND TRAIL BLAZERS,88
1997-12-02 05:00:00+00:00,NEW YORK KNICKS,84,SAN ANTONIO SPURS,90
1997-12-02 05:00:00+00:00,SEATTLE SUPERSONICS,78,WASHINGTON WIZARDS,95
1997-12-03 05:00:00+00:00,CHICAGO BULLS,97,BOSTON CELTICS,87
1997-12-03 05:00:00+00:00,LOS ANGELES LAKERS,107,DENVER NUGGETS,89
1997-12-03 05:00:00+00:00,PHOENIX SUNS,103,DETROIT PISTONS,108
1997-12-03 05:00:00+00:00,CLEVELAND CAVALIERS,95,GOLDEN STATE WARRIORS,67
1997-12-03 05:00:00+00:00,PHILADELPHIA 76ERS,90,MIAMI HEAT,94
1997-12-03 05:00:00+00:00,INDIANA PACERS,94,MINNESOTA TIMBERWOLVES,90
1997-12-03 05:00:00+00:00,SEATTLE SUPERSONICS,93,NEW JERSEY NETS,89
1997-12-03 05:00:00+00:00,TORONTO RAPTORS,98,UTAH JAZZ,115
1997-12-03 05:00:00+00:00,ORLANDO MAGIC,101,VANCOUVER GRIZZLIES,97
1997-12-04 05:00:00+00:00,NEW YORK KNICKS,91,DALLAS MAVERICKS,105
1997-12-04 05:00:00+00:00,ATLANTA HAWKS,87,HOUSTON ROCKETS,94
1997-12-04 05:00:00+00:00,SAN ANTONIO SPURS,96,LOS ANGELES CLIPPERS,100
1997-12-04 05:00:00+00:00,CHARLOTTE HORNETS,92,MILWAUKEE BUCKS,102
1997-12-04 05:00:00+00:00,SACRAMENTO KINGS,96,WASHINGTON WIZARDS,118
1997-12-05 05:00:00+00:00,MILWAUKEE BUCKS,62,CHICAGO BULLS,84
1997-12-05 05:00:00+00:00,INDIANA PACERS,96,DENVER NUGGETS,85
1997-12-05 05:00:00+00:00,SEATTLE SUPERSONICS,94,DETROIT PISTONS,89
1997-12-05 05:00:00+00:00,ORLANDO MAGIC,89,GOLDEN STATE WARRIORS,104
1997-12-05 05:00:00+00:00,SAN ANTONIO SPURS,88,LOS ANGELES LAKERS,98
1997-12-05 05:00:00+00:00,BOSTON CELTICS,97,MIAMI HEAT,117
1997-12-05 05:00:00+00:00,SACRAMENTO KINGS,90,MINNESOTA TIMBERWOLVES,101
1997-12-05 05:00:00+00:00,PHILADELPHIA 76ERS,88,NEW JERSEY NETS,107
1997-12-05 05:00:00+00:00,TORONTO RAPTORS,91,PHOENIX SUNS,110
1997-12-05 05:00:00+00:00,UTAH JAZZ,77,PORTLAND TRAIL BLAZERS,94
1997-12-05 05:00:00+00:00,CLEVELAND CAVALIERS,107,VANCOUVER GRIZZLIES,98
1997-12-06 05:00:00+00:00,HOUSTON ROCKETS,108,DALLAS MAVERICKS,106
1997-12-06 05:00:00+00:00,ORLANDO MAGIC,83,LOS ANGELES CLIPPERS,79
1997-12-06 05:00:00+00:00,CHARLOTTE HORNETS,79,NEW YORK KNICKS,90
1997-12-06 05:00:00+00:00,MINNESOTA TIMBERWOLVES,103,WASHINGTON WIZARDS,114
1997-12-07 05:00:00+00:00,LOS ANGELES CLIPPERS,92,DENVER NUGGETS,100
1997-12-07 05:00:00+00:00,CLEVELAND CAVALIERS,94,LOS ANGELES LAKERS,84
1997-12-07 05:00:00+00:00,SEATTLE SUPERSONICS,91,MILWAUKEE BUCKS,97
1997-12-07 05:00:00+00:00,NEW YORK KNICKS,78,PHILADELPHIA 76ERS,93
1997-12-07 05:00:00+00:00,INDIANA PACERS,99,PHOENIX SUNS,97
1997-12-07 05:00:00+00:00,GOLDEN STATE WARRIORS,84,SACRAMENTO KINGS,99
1997-12-07 05:00:00+00:00,DETROIT PISTONS,93,TORONTO RAPTORS,83
1997-12-08 05:00:00+00:00,NEW JERSEY NETS,97,MIAMI HEAT,105
1997-12-08 05:00:00+00:00,PHILADELPHIA 76ERS,86,ORLANDO MAGIC,95
1997-12-08 05:00:00+00:00,LOS ANGELES LAKERS,99,PORTLAND TRAIL BLAZERS,105
1997-12-08 05:00:00+00:00,INDIANA PACERS,97,UTAH JAZZ,106
1997-12-09 05:00:00+00:00,MIAMI HEAT,97,ATLANTA HAWKS,81
1997-12-09 05:00:00+00:00,NEW YORK KNICKS,82,CHICAGO BULLS,100
1997-12-09 05:00:00+00:00,LOS ANGELES CLIPPERS,99,DALLAS MAVERICKS,92
1997-12-09 05:00:00+00:00,DENVER NUGGETS,83,DETROIT PISTONS,92
1997-12-09 05:00:00+00:00,SAN ANTONIO SPURS,78,HOUSTON ROCKETS,108
1997-12-09 05:00:00+00:00,SEATTLE SUPERSONICS,108,MINNESOTA TIMBERWOLVES,99
1997-12-09 05:00:00+00:00,VANCOUVER GRIZZLIES,85,PHOENIX SUNS,107
1997-12-09 05:00:00+00:00,UTAH JAZZ,101,SACRAMENTO KINGS,113
1997-12-09 05:00:00+00:00,CHARLOTTE HORNETS,95,TORONTO RAPTORS,82
1997-12-09 05:00:00+00:00,NEW JERSEY NETS,99,WASHINGTON WIZARDS,120
1997-12-10 05:00:00+00:00,MILWAUKEE BUCKS,91,BOSTON CELTICS,96
1997-12-10 05:00:00+00:00,WASHINGTON WIZARDS,101,CHARLOTTE HORNETS,104
1997-12-10 05:00:00+00:00,DENVER NUGGETS,83,CLEVELAND CAVALIERS,102
1997-12-10 05:00:00+00:00,LOS ANGELES LAKERS,92,GOLDEN STATE WARRIORS,93
1997-12-10 05:00:00+00:00,CHICAGO BULLS,98,ORLANDO MAGIC,106
1997-12-10 05:00:00+00:00,TORONTO RAPTORS,104,PHILADELPHIA 76ERS,97
1997-12-10 05:00:00+00:00,INDIANA PACERS,85,PORTLAND TRAIL BLAZERS,93
1997-12-10 05:00:00+00:00,LOS ANGELES CLIPPERS,87,SAN ANTONIO SPURS,102
1997-12-11 05:00:00+00:00,ORLANDO MAGIC,100,DALLAS MAVERICKS,90
1997-12-11 05:00:00+00:00,NEW JERSEY NETS,99,DETROIT PISTONS,103
1997-12-11 05:00:00+00:00,CLEVELAND CAVALIERS,79,MILWAUKEE BUCKS,77
1997-12-11 05:00:00+00:00,MINNESOTA TIMBERWOLVES,103,NEW YORK KNICKS,107
1997-12-11 05:00:00+00:00,ATLANTA HAWKS,78,PHOENIX SUNS,94
1997-12-12 05:00:00+00:00,WASHINGTON WIZARDS,88,BOSTON CELTICS,97
1997-12-12 05:00:00+00:00,CHICAGO BULLS,77,CHARLOTTE HORNETS,79
1997-12-12 05:00:00+00:00,MIAMI HEAT,89,INDIANA PACERS,104
1997-12-12 05:00:00+00:00,ATLANTA HAWKS,83,LOS ANGELES CLIPPERS,74
1997-12-12 05:00:00+00:00,HOUSTON ROCKETS,102,LOS ANGELES LAKERS,119
1997-12-12 05:00:00+00:00,DENVER NUGGETS,91,PHILADELPHIA 76ERS,106
1997-12-12 05:00:00+00:00,PORTLAND TRAIL BLAZERS,98,SEATTLE SUPERSONICS,111
1997-12-12 05:00:00+00:00,DALLAS MAVERICKS,66,UTAH JAZZ,68
1997-12-12 05:00:00+00:00,GOLDEN STATE WARRIORS,88,VANCOUVER GRIZZLIES,95
1997-12-13 05:00:00+00:00,TORONTO RAPTORS,70,CHICAGO BULLS,97
1997-12-13 05:00:00+00:00,CHARLOTTE HORNETS,85,CLEVELAND CAVALIERS,84
1997-12-13 05:00:00+00:00,BOSTON CELTICS,77,DETROIT PISTONS,93
1997-12-13 05:00:00+00:00,SACRAMENTO KINGS,91,GOLDEN STATE WARRIORS,95
1997-12-13 05:00:00+00:00,WASHINGTON WIZARDS,92,INDIANA PACERS,109
1997-12-13 05:00:00+00:00,MIAMI HEAT,87,MILWAUKEE BUCKS,84
1997-12-13 05:00:00+00:00,PHOENIX SUNS,101,MINNESOTA TIMBERWOLVES,112
1997-12-13 05:00:00+00:00,DENVER NUGGETS,95,NEW JERSEY NETS,133
1997-12-13 05:00:00+00:00,PHILADELPHIA 76ERS,83,NEW YORK KNICKS,95
1997-12-13 05:00:00+00:00,ORLANDO MAGIC,78,SAN ANTONIO SPURS,107
1997-12-14 05:00:00+00:00,DALLAS MAVERICKS,89,LOS ANGELES LAKERS,119
1997-12-14 05:00:00+00:00,ATLANTA HAWKS,93,SACRAMENTO KINGS,89
1997-12-14 05:00:00+00:00,LOS ANGELES CLIPPERS,101,SEATTLE SUPERSONICS,107
1997-12-14 05:00:00+00:00,HOUSTON ROCKETS,105,VANCOUVER GRIZZLIES,110
1997-12-15 05:00:00+00:00,PHILADELPHIA 76ERS,83,BOSTON CELTICS,100
1997-12-15 05:00:00+00:00,PHOENIX SUNS,104,CHICAGO BULLS,111
1997-12-15 05:00:00+00:00,ATLANTA HAWKS,99,PORTLAND TRAIL BLAZERS,90
1997-12-15 05:00:00+00:00,INDIANA PACERS,108,TORONTO RAPTORS,101
1997-12-15 05:00:00+00:00,UTAH JAZZ,86,WASHINGTON WIZARDS,88
1997-12-16 05:00:00+00:00,PHOENIX SUNS,90,CLEVELAND CAVALIERS,103
1997-12-16 05:00:00+00:00,SAN ANTONIO SPURS,99,DENVER NUGGETS,85
1997-12-16 05:00:00+00:00,DALLAS MAVERICKS,92,GOLDEN STATE WARRIORS,103
1997-12-16 05:00:00+00:00,VANCOUVER GRIZZLIES,91,HOUSTON ROCKETS,118
1997-12-16 05:00:00+00:00,SEATTLE SUPERSONICS,109,LOS ANGELES CLIPPERS,94
1997-12-16 05:00:00+00:00,UTAH JAZZ,103,MIAMI HEAT,95
1997-12-16 05:00:00+00:00,LOS ANGELES LAKERS,109,MINNESOTA TIMBERWOLVES,96
1997-12-16 05:00:00+00:00,DETROIT PISTONS,78,NEW YORK KNICKS,83
1997-12-16 05:00:00+00:00,PORTLAND TRAIL BLAZERS,87,SACRAMENTO KINGS,94
1997-12-17 05:00:00+00:00,CLEVELAND CAVALIERS,83,ATLANTA HAWKS,94
1997-12-17 05:00:00+00:00,MILWAUKEE BUCKS,90,CHARLOTTE HORNETS,99
1997-12-17 05:00:00+00:00,LOS ANGELES LAKERS,83,CHICAGO BULLS,104
1997-12-17 05:00:00+00:00,NEW YORK KNICKS,80,INDIANA PACERS,87
1997-12-17 05:00:00+00:00,DETROIT PISTONS,101,NEW JERSEY NETS,105
1997-12-17 05:00:00+00:00,MINNESOTA TIMBERWOLVES,94,PHILADELPHIA 76ERS,90
1997-12-17 05:00:00+00:00,VANCOUVER GRIZZLIES,87,SAN ANTONIO SPURS,98
1997-12-17 05:00:00+00:00,BOSTON CELTICS,88,TORONTO RAPTORS,83
1997-12-17 05:00:00+00:00,MIAMI HEAT,74,WASHINGTON WIZARDS,88
1997-12-18 05:00:00+00:00,PHOENIX SUNS,89,DALLAS MAVERICKS,75
1997-12-18 05:00:00+00:00,GOLDEN STATE WARRIORS,78,LOS ANGELES CLIPPERS,82
1997-12-18 05:00:00+00:00,UTAH JAZZ,85,ORLANDO MAGIC,73
1997-12-18 05:00:00+00:00,DENVER NUGGETS,106,SEATTLE SUPERSONICS,119
1997-12-19 05:00:00+00:00,LOS ANGELES LAKERS,98,ATLANTA HAWKS,96
1997-12-19 05:00:00+00:00,NEW YORK KNICKS,104,CLEVELAND CAVALIERS,77
1997-12-19 05:00:00+00:00,SACRAMENTO KINGS,98,HOUSTON ROCKETS,116
1997-12-19 05:00:00+00:00,DETROIT PISTONS,90,INDIANA PACERS,98
1997-12-19 05:00:00+00:00,MIAMI HEAT,91,PHILADELPHIA 76ERS,84
1997-12-19 05:00:00+00:00,VANCOUVER GRIZZLIES,91,PORTLAND TRAIL BLAZERS,96
1997-12-19 05:00:00+00:00,MILWAUKEE BUCKS,91,TORONTO RAPTORS,92
1997-12-19 05:00:00+00:00,CHARLOTTE HORNETS,86,WASHINGTON WIZARDS,106
1997-12-20 05:00:00+00:00,LOS ANGELES LAKERS,109,CHARLOTTE HORNETS,100
1997-12-20 05:00:00+00:00,SACRAMENTO KINGS,89,DALLAS MAVERICKS,88
1997-12-20 05:00:00+00:00,PHOENIX SUNS,102,DENVER NUGGETS,81
1997-12-20 05:00:00+00:00,PHILADELPHIA 76ERS,78,DETROIT PISTONS,115
1997-12-20 05:00:00+00:00,ATLANTA HAWKS,92,MIAMI HEAT,99
1997-12-20 05:00:00+00:00,NEW YORK KNICKS,78,MILWAUKEE BUCKS,98
1997-12-20 05:00:00+00:00,LOS ANGELES CLIPPERS,91,MINNESOTA TIMBERWOLVES,92
1997-12-20 05:00:00+00:00,CHICAGO BULLS,100,NEW JERSEY NETS,92
1997-12-20 05:00:00+00:00,INDIANA PACERS,95,ORLANDO MAGIC,92
1997-12-20 05:00:00+00:00,HOUSTON ROCKETS,87,SAN ANTONIO SPURS,100
1997-12-20 05:00:00+00:00,GOLDEN STATE WARRIORS,89,SEATTLE SUPERSONICS,108
1997-12-20 05:00:00+00:00,WASHINGTON WIZARDS,94,TORONTO RAPTORS,92
1997-12-21 05:00:00+00:00,LOS ANGELES CLIPPERS,77,BOSTON CELTICS,99
1997-12-21 05:00:00+00:00,UTAH JAZZ,101,CLEVELAND CAVALIERS,106
1997-12-21 05:00:00+00:00,PORTLAND TRAIL BLAZERS,86,VANCOUVER GRIZZLIES,88
1997-12-22 05:00:00+00:00,UTAH JAZZ,101,ATLANTA HAWKS,99
1997-12-22 05:00:00+00:00,TORONTO RAPTORS,79,CHARLOTTE HORNETS,81
1997-12-22 05:00:00+00:00,LOS ANGELES LAKERS,94,HOUSTON ROCKETS,83
1997-12-22 05:00:00+00:00,WASHINGTON WIZARDS,110,MILWAUKEE BUCKS,79
1997-12-22 05:00:00+00:00,DALLAS MAVERICKS,67,NEW YORK KNICKS,79
1997-12-22 05:00:00+00:00,NEW JERSEY NETS,99,ORLANDO MAGIC,88
1997-12-22 05:00:00+00:00,DETROIT PISTONS,96,PHILADELPHIA 76ERS,92
1997-12-22 05:00:00+00:00,GOLDEN STATE WARRIORS,76,PHOENIX SUNS,91
1997-12-22 05:00:00+00:00,MINNESOTA TIMBERWOLVES,79,SACRAMENTO KINGS,89
1997-12-23 05:00:00+00:00,CHARLOTTE HORNETS,96,BOSTON CELTICS,102
1997-12-23 05:00:00+00:00,LOS ANGELES CLIPPERS,89,CHICAGO BULLS,94
1997-12-23 05:00:00+00:00,DALLAS MAVERICKS,85,CLEVELAND CAVALIERS,99
1997-12-23 05:00:00+00:00,DENVER NUGGETS,75,GOLDEN STATE WARRIORS,87
1997-12-23 05:00:00+00:00,SACRAMENTO KINGS,82,PORTLAND TRAIL BLAZERS,93
1997-12-23 05:00:00+00:00,INDIANA PACERS,79,SAN ANTONIO SPURS,91
1997-12-23 05:00:00+00:00,MINNESOTA TIMBERWOLVES,112,SEATTLE SUPERSONICS,103
1997-12-25 05:00:00+00:00,MIAMI HEAT,80,CHICAGO BULLS,90
1997-12-25 05:00:00+00:00,HOUSTON ROCKETS,103,UTAH JAZZ,107
1997-12-26 05:00:00+00:00,CLEVELAND CAVALIERS,88,CHARLOTTE HORNETS,96
1997-12-26 05:00:00+00:00,WASHINGTON WIZARDS,97,DALLAS MAVERICKS,95
1997-12-26 05:00:00+00:00,GOLDEN STATE WARRIORS,81,DENVER NUGGETS,69
1997-12-26 05:00:00+00:00,MIAMI HEAT,88,DETROIT PISTONS,74
1997-12-26 05:00:00+00:00,ORLANDO MAGIC,81,INDIANA PACERS,107
1997-12-26 05:00:00+00:00,LOS ANGELES CLIPPERS,114,LOS ANGELES LAKERS,118
1997-12-26 05:00:00+00:00,ATLANTA HAWKS,94,MILWAUKEE BUCKS,99
1997-12-26 05:00:00+00:00,NEW JERSEY NETS,96,MINNESOTA TIMBERWOLVES,116
1997-12-26 05:00:00+00:00,SEATTLE SUPERSONICS,111,SACRAMENTO KINGS,95
1997-12-26 05:00:00+00:00,BOSTON CELTICS,86,SAN ANTONIO SPURS,101
1997-12-26 05:00:00+00:00,PHOENIX SUNS,118,VANCOUVER GRIZZLIES,100
1997-12-27 05:00:00+00:00,ATLANTA HAWKS,90,CHICAGO BULLS,97
1997-12-27 05:00:00+00:00,PHILADELPHIA 76ERS,85,GOLDEN STATE WARRIORS,78
1997-12-27 05:00:00+00:00,WASHINGTON WIZARDS,101,HOUSTON ROCKETS,111
1997-12-27 05:00:00+00:00,DENVER NUGGETS,103,LOS ANGELES CLIPPERS,105
1997-12-27 05:00:00+00:00,MILWAUKEE BUCKS,104,NEW JERSEY NETS,112
1997-12-27 05:00:00+00:00,TORONTO RAPTORS,97,NEW YORK KNICKS,94
1997-12-27 05:00:00+00:00,CHARLOTTE HORNETS,87,ORLANDO MAGIC,96
1997-12-27 05:00:00+00:00,PORTLAND TRAIL BLAZERS,102,UTAH JAZZ,91
1997-12-28 05:00:00+00:00,MINNESOTA TIMBERWOLVES,93,DETROIT PISTONS,89
1997-12-28 05:00:00+00:00,BOSTON CELTICS,108,LOS ANGELES LAKERS,102
1997-12-28 05:00:00+00:00,INDIANA PACERS,90,MIAMI HEAT,101
1997-12-28 05:00:00+00:00,SEATTLE SUPERSONICS,106,PHOENIX SUNS,97
1997-12-28 05:00:00+00:00,SAN ANTONIO SPURS,79,PORTLAND TRAIL BLAZERS,82
1997-12-28 05:00:00+00:00,PHILADELPHIA 76ERS,90,SACRAMENTO KINGS,92
1997-12-28 05:00:00+00:00,UTAH JAZZ,89,VANCOUVER GRIZZLIES,88
1997-12-29 05:00:00+00:00,DALLAS MAVERICKS,105,CHICAGO BULLS,111
1997-12-29 05:00:00+00:00,CHARLOTTE HORNETS,120,HOUSTON ROCKETS,101
1997-12-29 05:00:00+00:00,WASHINGTON WIZARDS,91,NEW JERSEY NETS,99
1997-12-30 05:00:00+00:00,MIAMI HEAT,90,CLEVELAND CAVALIERS,78
1997-12-30 05:00:00+00:00,UTAH JAZZ,132,DENVER NUGGETS,99
1997-12-30 05:00:00+00:00,TORONTO RAPTORS,95,DETROIT PISTONS,100
1997-12-30 05:00:00+00:00,SEATTLE SUPERSONICS,101,GOLDEN STATE WARRIORS,87
1997-12-30 05:00:00+00:00,NEW JERSEY NETS,91,INDIANA PACERS,109
1997-12-30 05:00:00+00:00,SACRAMENTO KINGS,80,LOS ANGELES LAKERS,93
1997-12-30 05:00:00+00:00,DALLAS MAVERICKS,98,MILWAUKEE BUCKS,105
1997-12-30 05:00:00+00:00,CHICAGO BULLS,95,MINNESOTA TIMBERWOLVES,99
1997-12-30 05:00:00+00:00,NEW YORK KNICKS,84,ORLANDO MAGIC,79
1997-12-30 05:00:00+00:00,BOSTON CELTICS,90,PHOENIX SUNS,100
1997-12-30 05:00:00+00:00,PHILADELPHIA 76ERS,86,PORTLAND TRAIL BLAZERS,96
1997-12-30 05:00:00+00:00,SAN ANTONIO SPURS,124,VANCOUVER GRIZZLIES,115
1997-12-31 05:00:00+00:00,TORONTO RAPTORS,91,WASHINGTON WIZARDS,118
1998-01-01 05:00:00+00:00,PHILADELPHIA 76ERS,115,VANCOUVER GRIZZLIES,104
1998-01-02 05:00:00+00:00,MINNESOTA TIMBERWOLVES,89,BOSTON CELTICS,93
1998-01-02 05:00:00+00:00,MIAMI HEAT,88,CHARLOTTE HORNETS,99
1998-01-02 05:00:00+00:00,MILWAUKEE BUCKS,100,CHICAGO BULLS,114
1998-01-02 05:00:00+00:00,HOUSTON ROCKETS,116,DENVER NUGGETS,115
1998-01-02 05:00:00+00:00,LOS ANGELES CLIPPERS,94,GOLDEN STATE WARRIORS,79
1998-01-02 05:00:00+00:00,ATLANTA HAWKS,106,LOS ANGELES LAKERS,116
1998-01-02 05:00:00+00:00,NEW YORK KNICKS,98,NEW JERSEY NETS,103
1998-01-02 05:00:00+00:00,CLEVELAND CAVALIERS,81,ORLANDO MAGIC,71
1998-01-02 05:00:00+00:00,DALLAS MAVERICKS,85,PHOENIX SUNS,92
1998-01-02 05:00:00+00:00,VANCOUVER GRIZZLIES,80,SACRAMENTO KINGS,94
1998-01-02 05:00:00+00:00,PORTLAND TRAIL BLAZERS,69,SAN ANTONIO SPURS,85
1998-01-02 05:00:00+00:00,PHILADELPHIA 76ERS,73,SEATTLE SUPERSONICS,90
1998-01-02 05:00:00+00:00,DETROIT PISTONS,91,TORONTO RAPTORS,88
1998-01-02 05:00:00+00:00,INDIANA PACERS,99,WASHINGTON WIZARDS,81
1998-01-03 05:00:00+00:00,NEW JERSEY NETS,81,CLEVELAND CAVALIERS,95
1998-01-03 05:00:00+00:00,CHICAGO BULLS,105,DETROIT PISTONS,96
1998-01-03 05:00:00+00:00,PORTLAND TRAIL BLAZERS,97,HOUSTON ROCKETS,95
1998-01-03 05:00:00+00:00,TORONTO RAPTORS,77,INDIANA PACERS,89
1998-01-03 05:00:00+00:00,DALLAS MAVERICKS,88,LOS ANGELES CLIPPERS,97
1998-01-03 05:00:00+00:00,SAN ANTONIO SPURS,84,MIAMI HEAT,77
1998-01-03 05:00:00+00:00,BOSTON CELTICS,106,MILWAUKEE BUCKS,99
1998-01-03 05:00:00+00:00,DENVER NUGGETS,87,MINNESOTA TIMBERWOLVES,109
1998-01-03 05:00:00+00:00,ORLANDO MAGIC,84,NEW YORK KNICKS,88
1998-01-03 05:00:00+00:00,ATLANTA HAWKS,82,UTAH JAZZ,97
1998-01-04 05:00:00+00:00,PHILADELPHIA 76ERS,113,LOS ANGELES LAKERS,107
1998-01-04 05:00:00+00:00,CHARLOTTE HORNETS,90,SACRAMENTO KINGS,106
1998-01-04 05:00:00+00:00,SEATTLE SUPERSONICS,120,VANCOUVER GRIZZLIES,108
1998-01-04 05:00:00+00:00,PHOENIX SUNS,99,WASHINGTON WIZARDS,109
1998-01-05 05:00:00+00:00,WASHINGTON WIZARDS,113,NEW YORK KNICKS,106
1998-01-05 05:00:00+00:00,SAN ANTONIO SPURS,74,ORLANDO MAGIC,69
1998-01-05 05:00:00+00:00,MILWAUKEE BUCKS,98,PORTLAND TRAIL BLAZERS,92
1998-01-05 05:00:00+00:00,HOUSTON ROCKETS,120,TORONTO RAPTORS,96
1998-01-06 05:00:00+00:00,BOSTON CELTICS,79,CHICAGO BULLS,90
1998-01-06 05:00:00+00:00,HOUSTON ROCKETS,70,CLEVELAND CAVALIERS,100
1998-01-06 05:00:00+00:00,DENVER NUGGETS,90,DALLAS MAVERICKS,108
1998-01-06 05:00:00+00:00,PHOENIX SUNS,81,INDIANA PACERS,80
1998-01-06 05:00:00+00:00,LOS ANGELES CLIPPERS,89,SACRAMENTO KINGS,105
1998-01-06 05:00:00+00:00,CHARLOTTE HORNETS,81,SEATTLE SUPERSONICS,102
1998-01-06 05:00:00+00:00,PHILADELPHIA 76ERS,95,UTAH JAZZ,98
1998-01-06 05:00:00+00:00,LOS ANGELES LAKERS,100,VANCOUVER GRIZZLIES,87
1998-01-07 05:00:00+00:00,ATLANTA HAWKS,106,GOLDEN STATE WARRIORS,86
1998-01-07 05:00:00+00:00,VANCOUVER GRIZZLIES,102,LOS ANGELES CLIPPERS,110
1998-01-07 05:00:00+00:00,MILWAUKEE BUCKS,102,LOS ANGELES LAKERS,114
1998-01-07 05:00:00+00:00,CHICAGO BULLS,72,MIAMI HEAT,99
1998-01-07 05:00:00+00:00,PHOENIX SUNS,92,MINNESOTA TIMBERWOLVES,77
1998-01-07 05:00:00+00:00,NEW JERSEY NETS,88,NEW YORK KNICKS,89
1998-01-07 05:00:00+00:00,CHARLOTTE HORNETS,91,PORTLAND TRAIL BLAZERS,89
1998-01-07 05:00:00+00:00,DENVER NUGGETS,89,SAN ANTONIO SPURS,96
1998-01-07 05:00:00+00:00,ORLANDO MAGIC,83,TORONTO RAPTORS,81
1998-01-07 05:00:00+00:00,BOSTON CELTICS,108,WASHINGTON WIZARDS,110
1998-01-08 05:00:00+00:00,SEATTLE SUPERSONICS,109,CLEVELAND CAVALIERS,84
1998-01-08 05:00:00+00:00,SACRAMENTO KINGS,103,DALLAS MAVERICKS,92
1998-01-08 05:00:00+00:00,INDIANA PACERS,87,HOUSTON ROCKETS,80
1998-01-08 05:00:00+00:00,ORLANDO MAGIC,87,NEW JERSEY NETS,89
1998-01-08 05:00:00+00:00,MILWAUKEE BUCKS,109,UTAH JAZZ,116
1998-01-09 05:00:00+00:00,WASHINGTON WIZARDS,77,ATLANTA HAWKS,82
1998-01-09 05:00:00+00:00,SEATTLE SUPERSONICS,111,BOSTON CELTICS,92
1998-01-09 05:00:00+00:00,MIAMI HEAT,98,DENVER NUGGETS,79
1998-01-09 05:00:00+00:00,GOLDEN STATE WARRIORS,72,DETROIT PISTONS,101
1998-01-09 05:00:00+00:00,LOS ANGELES LAKERS,125,LOS ANGELES CLIPPERS,115
1998-01-09 05:00:00+00:00,PORTLAND TRAIL BLAZERS,91,MINNESOTA TIMBERWOLVES,96
1998-01-09 05:00:00+00:00,CHICAGO BULLS,90,NEW YORK KNICKS,89
1998-01-09 05:00:00+00:00,SAN ANTONIO SPURS,79,PHOENIX SUNS,100
1998-01-09 05:00:00+00:00,CHARLOTTE HORNETS,98,VANCOUVER GRIZZLIES,90
1998-01-10 05:00:00+00:00,GOLDEN STATE WARRIORS,82,CHICAGO BULLS,87
1998-01-10 05:00:00+00:00,TORONTO RAPTORS,102,CLEVELAND CAVALIERS,93
1998-01-10 05:00:00+00:00,INDIANA PACERS,84,DALLAS MAVERICKS,79
1998-01-10 05:00:00+00:00,UTAH JAZZ,111,HOUSTON ROCKETS,84
1998-01-10 05:00:00+00:00,PORTLAND TRAIL BLAZERS,90,MILWAUKEE BUCKS,95
1998-01-10 05:00:00+00:00,MINNESOTA TIMBERWOLVES,108,NEW JERSEY NETS,101
1998-01-10 05:00:00+00:00,BOSTON CELTICS,82,ORLANDO MAGIC,90
1998-01-10 05:00:00+00:00,SACRAMENTO KINGS,67,SAN ANTONIO SPURS,109
1998-01-11 05:00:00+00:00,LOS ANGELES CLIPPERS,85,DETROIT PISTONS,113
1998-01-11 05:00:00+00:00,CHARLOTTE HORNETS,98,LOS ANGELES LAKERS,93
1998-01-11 05:00:00+00:00,SEATTLE SUPERSONICS,91,NEW YORK KNICKS,92
1998-01-11 05:00:00+00:00,MIAMI HEAT,96,VANCOUVER GRIZZLIES,90
1998-01-11 05:00:00+00:00,ATLANTA HAWKS,107,WASHINGTON WIZARDS,102
1998-01-12 05:00:00+00:00,LOS ANGELES CLIPPERS,95,MILWAUKEE BUCKS,110
1998-01-12 05:00:00+00:00,GOLDEN STATE WARRIORS,87,MINNESOTA TIMBERWOLVES,103
1998-01-12 05:00:00+00:00,PHOENIX SUNS,90,SACRAMENTO KINGS,96
1998-01-12 05:00:00+00:00,NEW JERSEY NETS,108,TORONTO RAPTORS,100
1998-01-12 05:00:00+00:00,CLEVELAND CAVALIERS,99,UTAH JAZZ,106
1998-01-13 05:00:00+00:00,SAN ANTONIO SPURS,97,BOSTON CELTICS,88
1998-01-13 05:00:00+00:00,NEW JERSEY NETS,81,CHARLOTTE HORNETS,68
1998-01-13 05:00:00+00:00,SEATTLE SUPERSONICS,91,CHICAGO BULLS,101
1998-01-13 05:00:00+00:00,ORLANDO MAGIC,98,DENVER NUGGETS,84
1998-01-13 05:00:00+00:00,DALLAS MAVERICKS,87,HOUSTON ROCKETS,100
1998-01-13 05:00:00+00:00,ATLANTA HAWKS,91,NEW YORK KNICKS,89
1998-01-13 05:00:00+00:00,VANCOUVER GRIZZLIES,89,PHILADELPHIA 76ERS,107
1998-01-13 05:00:00+00:00,CLEVELAND CAVALIERS,102,PHOENIX SUNS,84
1998-01-13 05:00:00+00:00,MIAMI HEAT,76,PORTLAND TRAIL BLAZERS,68
1998-01-14 05:00:00+00:00,DALLAS MAVERICKS,82,ATLANTA HAWKS,108
1998-01-14 05:00:00+00:00,DETROIT PISTONS,93,INDIANA PACERS,100
1998-01-14 05:00:00+00:00,DENVER NUGGETS,114,LOS ANGELES LAKERS,132
1998-01-14 05:00:00+00:00,GOLDEN STATE WARRIORS,95,MILWAUKEE BUCKS,101
1998-01-14 05:00:00+00:00,ORLANDO MAGIC,96,SACRAMENTO KINGS,108
1998-01-14 05:00:00+00:00,LOS ANGELES CLIPPERS,101,TORONTO RAPTORS,109
1998-01-14 05:00:00+00:00,SAN ANTONIO SPURS,89,WASHINGTON WIZARDS,79
1998-01-15 05:00:00+00:00,VANCOUVER GRIZZLIES,93,BOSTON CELTICS,97
1998-01-15 05:00:00+00:00,CHARLOTTE HORNETS,94,DETROIT PISTONS,95
1998-01-15 05:00:00+00:00,LOS ANGELES CLIPPERS,119,NEW JERSEY NETS,116
1998-01-15 05:00:00+00:00,CHICAGO BULLS,96,PHILADELPHIA 76ERS,106
1998-01-15 05:00:00+00:00,MIAMI HEAT,85,SEATTLE SUPERSONICS,103
1998-01-16 05:00:00+00:00,GOLDEN STATE WARRIORS,89,ATLANTA HAWKS,102
1998-01-16 05:00:00+00:00,SAN ANTONIO SPURS,76,CHARLOTTE HORNETS,71
1998-01-16 05:00:00+00:00,CLEVELAND CAVALIERS,99,DENVER NUGGETS,74
1998-01-16 05:00:00+00:00,MINNESOTA TIMBERWOLVES,116,HOUSTON ROCKETS,115
1998-01-16 05:00:00+00:00,SACRAMENTO KINGS,92,INDIANA PACERS,117
1998-01-16 05:00:00+00:00,CHICAGO BULLS,96,MILWAUKEE BUCKS,86
1998-01-16 05:00:00+00:00,ORLANDO MAGIC,86,PHOENIX SUNS,111
1998-01-16 05:00:00+00:00,UTAH JAZZ,86,PORTLAND TRAIL BLAZERS,96
1998-01-16 05:00:00+00:00,VANCOUVER GRIZZLIES,110,WASHINGTON WIZARDS,112
1998-01-17 05:00:00+00:00,MINNESOTA TIMBERWOLVES,113,DALLAS MAVERICKS,110
1998-01-17 05:00:00+00:00,MIAMI HEAT,99,LOS ANGELES LAKERS,108
1998-01-17 05:00:00+00:00,ATLANTA HAWKS,81,NEW JERSEY NETS,97
1998-01-17 05:00:00+00:00,GOLDEN STATE WARRIORS,84,PHILADELPHIA 76ERS,112
1998-01-17 05:00:00+00:00,CLEVELAND CAVALIERS,91,SEATTLE SUPERSONICS,99
1998-01-17 05:00:00+00:00,NEW YORK KNICKS,93,TORONTO RAPTORS,82
1998-01-17 05:00:00+00:00,ORLANDO MAGIC,93,UTAH JAZZ,107
1998-01-17 05:00:00+00:00,LOS ANGELES CLIPPERS,99,WASHINGTON WIZARDS,108
1998-01-18 05:00:00+00:00,INDIANA PACERS,103,BOSTON CELTICS,96
1998-01-18 05:00:00+00:00,HOUSTON ROCKETS,100,CHICAGO BULLS,106
1998-01-18 05:00:00+00:00,SAN ANTONIO SPURS,98,MILWAUKEE BUCKS,92
1998-01-18 05:00:00+00:00,MIAMI HEAT,87,PHOENIX SUNS,96
1998-01-18 05:00:00+00:00,DENVER NUGGETS,82,PORTLAND TRAIL BLAZERS,94
1998-01-19 05:00:00+00:00,TORONTO RAPTORS,88,CHARLOTTE HORNETS,109
1998-01-19 05:00:00+00:00,SEATTLE SUPERSONICS,114,HOUSTON ROCKETS,80
1998-01-19 05:00:00+00:00,ORLANDO MAGIC,89,LOS ANGELES LAKERS,92
1998-01-19 05:00:00+00:00,LOS ANGELES CLIPPERS,109,MINNESOTA TIMBERWOLVES,117
1998-01-19 05:00:00+00:00,SAN ANTONIO SPURS,84,NEW JERSEY NETS,95
1998-01-19 05:00:00+00:00,BOSTON CELTICS,82,NEW YORK KNICKS,98
1998-01-19 05:00:00+00:00,SACRAMENTO KINGS,85,PHILADELPHIA 76ERS,98
1998-01-19 05:00:00+00:00,DETROIT PISTONS,89,UTAH JAZZ,98
1998-01-20 05:00:00+00:00,MILWAUKEE BUCKS,93,ATLANTA HAWKS,103
1998-01-20 05:00:00+00:00,PORTLAND TRAIL BLAZERS,86,CLEVELAND CAVALIERS,84
1998-01-20 05:00:00+00:00,SEATTLE SUPERSONICS,98,DALLAS MAVERICKS,107
1998-01-20 05:00:00+00:00,PHOENIX SUNS,87,GOLDEN STATE WARRIORS,69
1998-01-20 05:00:00+00:00,DENVER NUGGETS,77,VANCOUVER GRIZZLIES,88
1998-01-21 05:00:00+00:00,CHARLOTTE HORNETS,79,CHICAGO BULLS,110
1998-01-21 05:00:00+00:00,DETROIT PISTONS,87,DENVER NUGGETS,67
1998-01-21 05:00:00+00:00,PHILADELPHIA 76ERS,87,MIAMI HEAT,92
1998-01-21 05:00:00+00:00,BOSTON CELTICS,95,MINNESOTA TIMBERWOLVES,104
1998-01-21 05:00:00+00:00,HOUSTON ROCKETS,112,NEW JERSEY NETS,117
1998-01-21 05:00:00+00:00,INDIANA PACERS,89,NEW YORK KNICKS,97
1998-01-21 05:00:00+00:00,MILWAUKEE BUCKS,91,ORLANDO MAGIC,84
1998-01-21 05:00:00+00:00,LOS ANGELES LAKERS,119,PHOENIX SUNS,109
1998-01-21 05:00:00+00:00,ATLANTA HAWKS,76,SAN ANTONIO SPURS,90
1998-01-21 05:00:00+00:00,SACRAMENTO KINGS,98,TORONTO RAPTORS,99
1998-01-21 05:00:00+00:00,GOLDEN STATE WARRIORS,85,UTAH JAZZ,98
1998-01-21 05:00:00+00:00,PORTLAND TRAIL BLAZERS,100,WASHINGTON WIZARDS,87
1998-01-22 05:00:00+00:00,HOUSTON ROCKETS,86,CHARLOTTE HORNETS,93
1998-01-22 05:00:00+00:00,SACRAMENTO KINGS,96,CLEVELAND CAVALIERS,112
1998-01-22 05:00:00+00:00,DETROIT PISTONS,94,LOS ANGELES CLIPPERS,76
1998-01-23 05:00:00+00:00,BOSTON CELTICS,89,ATLANTA HAWKS,85
1998-01-23 05:00:00+00:00,VANCOUVER GRIZZLIES,88,GOLDEN STATE WARRIORS,80
1998-01-23 05:00:00+00:00,UTAH JAZZ,102,INDIANA PACERS,106
1998-01-23 05:00:00+00:00,ORLANDO MAGIC,90,MIAMI HEAT,102
1998-01-23 05:00:00+00:00,CHICAGO BULLS,100,NEW JERSEY NETS,98
1998-01-23 05:00:00+00:00,PORTLAND TRAIL BLAZERS,87,PHILADELPHIA 76ERS,98
1998-01-23 05:00:00+00:00,DENVER NUGGETS,77,PHOENIX SUNS,93
1998-01-23 05:00:00+00:00,DALLAS MAVERICKS,75,SAN ANTONIO SPURS,81
1998-01-24 05:00:00+00:00,PORTLAND TRAIL BLAZERS,92,ATLANTA HAWKS,77
1998-01-24 05:00:00+00:00,PHILADELPHIA 76ERS,92,CLEVELAND CAVALIERS,111
1998-01-24 05:00:00+00:00,CHARLOTTE HORNETS,94,DALLAS MAVERICKS,92
1998-01-24 05:00:00+00:00,NEW YORK KNICKS,99,DETROIT PISTONS,92
1998-01-24 05:00:00+00:00,SAN ANTONIO SPURS,87,HOUSTON ROCKETS,112
1998-01-24 05:00:00+00:00,BOSTON CELTICS,88,INDIANA PACERS,95
1998-01-24 05:00:00+00:00,DENVER NUGGETS,99,LOS ANGELES CLIPPERS,81
1998-01-24 05:00:00+00:00,SACRAMENTO KINGS,97,MILWAUKEE BUCKS,101
1998-01-24 05:00:00+00:00,LOS ANGELES LAKERS,95,SEATTLE SUPERSONICS,101
1998-01-24 05:00:00+00:00,MINNESOTA TIMBERWOLVES,107,TORONTO RAPTORS,113
1998-01-24 05:00:00+00:00,GOLDEN STATE WARRIORS,96,VANCOUVER GRIZZLIES,107
1998-01-24 05:00:00+00:00,NEW JERSEY NETS,87,WASHINGTON WIZARDS,104
1998-01-25 05:00:00+00:00,UTAH JAZZ,101,CHICAGO BULLS,94
1998-01-26 05:00:00+00:00,PHOENIX SUNS,96,ATLANTA HAWKS,91
1998-01-26 05:00:00+00:00,NEW YORK KNICKS,85,BOSTON CELTICS,94
1998-01-26 05:00:00+00:00,CLEVELAND CAVALIERS,94,MIAMI HEAT,93
1998-01-26 05:00:00+00:00,SEATTLE SUPERSONICS,92,SACRAMENTO KINGS,111
1998-01-26 05:00:00+00:00,HOUSTON ROCKETS,90,SAN ANTONIO SPURS,115
1998-01-26 05:00:00+00:00,PHILADELPHIA 76ERS,87,TORONTO RAPTORS,91
1998-01-27 05:00:00+00:00,PHOENIX SUNS,113,CHARLOTTE HORNETS,120
1998-01-27 05:00:00+00:00,CLEVELAND CAVALIERS,77,DALLAS MAVERICKS,84
1998-01-27 05:00:00+00:00,NEW JERSEY NETS,120,DENVER NUGGETS,87
1998-01-27 05:00:00+00:00,LOS ANGELES CLIPPERS,109,HOUSTON ROCKETS,115
1998-01-27 05:00:00+00:00,WASHINGTON WIZARDS,84,INDIANA PACERS,85
1998-01-27 05:00:00+00:00,DETROIT PISTONS,81,MILWAUKEE BUCKS,83
1998-01-27 05:00:00+00:00,ATLANTA HAWKS,96,MINNESOTA TIMBERWOLVES,113
1998-01-27 05:00:00+00:00,GOLDEN STATE WARRIORS,82,PORTLAND TRAIL BLAZERS,78
1998-01-27 05:00:00+00:00,CHICAGO BULLS,103,VANCOUVER GRIZZLIES,85
1998-01-28 05:00:00+00:00,WASHINGTON WIZARDS,102,BOSTON CELTICS,104
1998-01-28 05:00:00+00:00,ORLANDO MAGIC,86,DETROIT PISTONS,91
1998-01-28 05:00:00+00:00,NEW JERSEY NETS,106,LOS ANGELES LAKERS,95
1998-01-28 05:00:00+00:00,NEW YORK KNICKS,82,MIAMI HEAT,86
1998-01-28 05:00:00+00:00,INDIANA PACERS,93,PHILADELPHIA 76ERS,90
1998-01-28 05:00:00+00:00,LOS ANGELES CLIPPERS,86,SAN ANTONIO SPURS,109
1998-01-28 05:00:00+00:00,SEATTLE SUPERSONICS,101,UTAH JAZZ,93
1998-01-29 05:00:00+00:00,PHILADELPHIA 76ERS,99,ATLANTA HAWKS,109
1998-01-29 05:00:00+00:00,TORONTO RAPTORS,84,DENVER NUGGETS,80
1998-01-29 05:00:00+00:00,ORLANDO MAGIC,95,HOUSTON ROCKETS,88
1998-01-29 05:00:00+00:00,MILWAUKEE BUCKS,115,NEW YORK KNICKS,112
1998-01-29 05:00:00+00:00,CHICAGO BULLS,100,PORTLAND TRAIL BLAZERS,87
1998-01-29 05:00:00+00:00,GOLDEN STATE WARRIORS,97,SEATTLE SUPERSONICS,109
1998-01-29 05:00:00+00:00,MINNESOTA TIMBERWOLVES,112,VANCOUVER GRIZZLIES,106
1998-01-30 05:00:00+00:00,CHARLOTTE HORNETS,97,BOSTON CELTICS,95
1998-01-30 05:00:00+00:00,WASHINGTON WIZARDS,102,DETROIT PISTONS,95
1998-01-30 05:00:00+00:00,CHICAGO BULLS,87,GOLDEN STATE WARRIORS,80
1998-01-30 05:00:00+00:00,CLEVELAND CAVALIERS,83,INDIANA PACERS,89
1998-01-30 05:00:00+00:00,SAN ANTONIO SPURS,97,LOS ANGELES CLIPPERS,87
1998-01-30 05:00:00+00:00,MINNESOTA TIMBERWOLVES,114,LOS ANGELES LAKERS,121
1998-01-30 05:00:00+00:00,PHOENIX SUNS,74,MIAMI HEAT,71
1998-01-30 05:00:00+00:00,TORONTO RAPTORS,97,SACRAMENTO KINGS,123
1998-01-30 05:00:00+00:00,DALLAS MAVERICKS,94,UTAH JAZZ,104
1998-01-31 05:00:00+00:00,ATLANTA HAWKS,103,CHARLOTTE HORNETS,83
1998-01-31 05:00:00+00:00,DETROIT PISTONS,88,CLEVELAND CAVALIERS,90
1998-01-31 05:00:00+00:00,DALLAS MAVERICKS,98,DENVER NUGGETS,110
1998-01-31 05:00:00+00:00,PHOENIX SUNS,96,ORLANDO MAGIC,94
1998-01-31 05:00:00+00:00,HOUSTON ROCKETS,102,PHILADELPHIA 76ERS,86
1998-01-31 05:00:00+00:00,NEW JERSEY NETS,116,VANCOUVER GRIZZLIES,106
1998-02-01 05:00:00+00:00,HOUSTON ROCKETS,96,BOSTON CELTICS,107
1998-02-01 05:00:00+00:00,UTAH JAZZ,115,GOLDEN STATE WARRIORS,88
1998-02-01 05:00:00+00:00,INDIANA PACERS,99,LOS ANGELES CLIPPERS,92
1998-02-01 05:00:00+00:00,CHICAGO BULLS,87,LOS ANGELES LAKERS,112
1998-02-01 05:00:00+00:00,MILWAUKEE BUCKS,118,MINNESOTA TIMBERWOLVES,110
1998-02-01 05:00:00+00:00,MIAMI HEAT,83,NEW YORK KNICKS,89
1998-02-01 05:00:00+00:00,TORONTO RAPTORS,90,PORTLAND TRAIL BLAZERS,97
1998-02-01 05:00:00+00:00,SAN ANTONIO SPURS,103,SACRAMENTO KINGS,97
1998-02-01 05:00:00+00:00,NEW JERSEY NETS,87,SEATTLE SUPERSONICS,97
1998-02-02 05:00:00+00:00,MINNESOTA TIMBERWOLVES,99,CLEVELAND CAVALIERS,109
1998-02-02 05:00:00+00:00,VANCOUVER GRIZZLIES,90,DALLAS MAVERICKS,104
1998-02-02 05:00:00+00:00,CHICAGO BULLS,111,DENVER NUGGETS,72
1998-02-02 05:00:00+00:00,ATLANTA HAWKS,83,MIAMI HEAT,90
1998-02-02 05:00:00+00:00,PHOENIX SUNS,106,PHILADELPHIA 76ERS,97
1998-02-02 05:00:00+00:00,DETROIT PISTONS,101,WASHINGTON WIZARDS,113
1998-02-03 05:00:00+00:00,BOSTON CELTICS,89,CHARLOTTE HORNETS,93
1998-02-03 05:00:00+00:00,SAN ANTONIO SPURS,105,GOLDEN STATE WARRIORS,96
1998-02-03 05:00:00+00:00,VANCOUVER GRIZZLIES,97,HOUSTON ROCKETS,110
1998-02-03 05:00:00+00:00,UTAH JAZZ,102,LOS ANGELES CLIPPERS,111
1998-02-03 05:00:00+00:00,NEW YORK KNICKS,78,MILWAUKEE BUCKS,82
1998-02-03 05:00:00+00:00,ATLANTA HAWKS,90,ORLANDO MAGIC,91
1998-02-03 05:00:00+00:00,NEW JERSEY NETS,97,PORTLAND TRAIL BLAZERS,98
1998-02-03 05:00:00+00:00,INDIANA PACERS,115,SACRAMENTO KINGS,93
1998-02-03 05:00:00+00:00,PHOENIX SUNS,110,TORONTO RAPTORS,105
1998-02-04 05:00:00+00:00,DALLAS MAVERICKS,99,BOSTON CELTICS,110
1998-02-04 05:00:00+00:00,SACRAMENTO KINGS,101,DENVER NUGGETS,99
1998-02-04 05:00:00+00:00,PORTLAND TRAIL BLAZERS,115,LOS ANGELES LAKERS,122
1998-02-04 05:00:00+00:00,NEW YORK KNICKS,88,MINNESOTA TIMBERWOLVES,95
1998-02-04 05:00:00+00:00,MIAMI HEAT,98,PHILADELPHIA 76ERS,84
1998-02-04 05:00:00+00:00,INDIANA PACERS,97,SEATTLE SUPERSONICS,104
1998-02-04 05:00:00+00:00,CHICAGO BULLS,93,UTAH JAZZ,101
1998-02-04 05:00:00+00:00,CLEVELAND CAVALIERS,88,WASHINGTON WIZARDS,104
1998-02-05 05:00:00+00:00,VANCOUVER GRIZZLIES,93,CHARLOTTE HORNETS,108
1998-02-05 05:00:00+00:00,ATLANTA HAWKS,108,CLEVELAND CAVALIERS,94
1998-02-05 05:00:00+00:00,HOUSTON ROCKETS,92,DETROIT PISTONS,104
1998-02-05 05:00:00+00:00,MIAMI HEAT,91,MILWAUKEE BUCKS,87
1998-02-05 05:00:00+00:00,PHOENIX SUNS,94,NEW JERSEY NETS,106
1998-02-05 05:00:00+00:00,WASHINGTON WIZARDS,83,ORLANDO MAGIC,93
1998-02-05 05:00:00+00:00,DALLAS MAVERICKS,93,TORONTO RAPTORS,101
1998-02-10 05:00:00+00:00,TORONTO RAPTORS,86,CHICAGO BULLS,93
1998-02-10 05:00:00+00:00,MIAMI HEAT,91,CLEVELAND CAVALIERS,81
1998-02-10 05:00:00+00:00,BOSTON CELTICS,99,DENVER NUGGETS,112
1998-02-10 05:00:00+00:00,WASHINGTON WIZARDS,99,GOLDEN STATE WARRIORS,87
1998-02-10 05:00:00+00:00,SEATTLE SUPERSONICS,83,HOUSTON ROCKETS,97
1998-02-10 05:00:00+00:00,ORLANDO MAGIC,66,INDIANA PACERS,85
1998-02-10 05:00:00+00:00,ATLANTA HAWKS,108,MILWAUKEE BUCKS,100
1998-02-10 05:00:00+00:00,DALLAS MAVERICKS,81,NEW JERSEY NETS,90
1998-02-10 05:00:00+00:00,CHARLOTTE HORNETS,91,NEW YORK KNICKS,99
1998-02-10 05:00:00+00:00,SACRAMENTO KINGS,86,PHOENIX SUNS,88
1998-02-10 05:00:00+00:00,LOS ANGELES LAKERS,105,PORTLAND TRAIL BLAZERS,117
1998-02-10 05:00:00+00:00,LOS ANGELES CLIPPERS,98,UTAH JAZZ,106
1998-02-11 05:00:00+00:00,CHICAGO BULLS,92,CHARLOTTE HORNETS,90
1998-02-11 05:00:00+00:00,MILWAUKEE BUCKS,83,DETROIT PISTONS,95
1998-02-11 05:00:00+00:00,WASHINGTON WIZARDS,110,LOS ANGELES CLIPPERS,104
1998-02-11 05:00:00+00:00,GOLDEN STATE WARRIORS,99,LOS ANGELES LAKERS,105
1998-02-11 05:00:00+00:00,INDIANA PACERS,110,MIAMI HEAT,101
1998-02-11 05:00:00+00:00,ORLANDO MAGIC,96,MINNESOTA TIMBERWOLVES,89
1998-02-11 05:00:00+00:00,DALLAS MAVERICKS,90,PHILADELPHIA 76ERS,91
1998-02-11 05:00:00+00:00,SEATTLE SUPERSONICS,106,SAN ANTONIO SPURS,105
1998-02-12 05:00:00+00:00,PORTLAND TRAIL BLAZERS,115,PHOENIX SUNS,110
1998-02-12 05:00:00+00:00,DENVER NUGGETS,84,SACRAMENTO KINGS,87
1998-02-12 05:00:00+00:00,CLEVELAND CAVALIERS,103,TORONTO RAPTORS,94
1998-02-12 05:00:00+00:00,BOSTON CELTICS,100,UTAH JAZZ,118
1998-02-12 05:00:00+00:00,HOUSTON ROCKETS,112,VANCOUVER GRIZZLIES,103
1998-02-13 05:00:00+00:00,PHILADELPHIA 76ERS,96,CHARLOTTE HORNETS,103
1998-02-13 05:00:00+00:00,ATLANTA HAWKS,110,CHICAGO BULLS,112
1998-02-13 05:00:00+00:00,MINNESOTA TIMBERWOLVES,107,DENVER NUGGETS,80
1998-02-13 05:00:00+00:00,SACRAMENTO KINGS,109,GOLDEN STATE WARRIORS,92
1998-02-13 05:00:00+00:00,DALLAS MAVERICKS,85,INDIANA PACERS,82
1998-02-13 05:00:00+00:00,BOSTON CELTICS,97,LOS ANGELES CLIPPERS,96
1998-02-13 05:00:00+00:00,SEATTLE SUPERSONICS,113,LOS ANGELES LAKERS,108
1998-02-13 05:00:00+00:00,DETROIT PISTONS,86,MIAMI HEAT,100
1998-02-13 05:00:00+00:00,TORONTO RAPTORS,115,NEW JERSEY NETS,130
1998-02-13 05:00:00+00:00,NEW YORK KNICKS,99,ORLANDO MAGIC,83
1998-02-13 05:00:00+00:00,HOUSTON ROCKETS,81,PORTLAND TRAIL BLAZERS,105
1998-02-14 05:00:00+00:00,INDIANA PACERS,96,ATLANTA HAWKS,92
1998-02-14 05:00:00+00:00,MILWAUKEE BUCKS,99,CLEVELAND CAVALIERS,93
1998-02-14 05:00:00+00:00,NEW JERSEY NETS,105,PHILADELPHIA 76ERS,98
1998-02-14 05:00:00+00:00,PHOENIX SUNS,94,SAN ANTONIO SPURS,81
1998-02-14 05:00:00+00:00,UTAH JAZZ,111,SEATTLE SUPERSONICS,91
1998-02-14 05:00:00+00:00,WASHINGTON WIZARDS,108,VANCOUVER GRIZZLIES,110
1998-02-15 05:00:00+00:00,DETROIT PISTONS,90,CHICAGO BULLS,99
1998-02-15 05:00:00+00:00,BOSTON CELTICS,87,GOLDEN STATE WARRIORS,101
1998-02-15 05:00:00+00:00,HOUSTON ROCKETS,90,LOS ANGELES LAKERS,88
1998-02-15 05:00:00+00:00,DALLAS MAVERICKS,99,MINNESOTA TIMBERWOLVES,105
1998-02-15 05:00:00+00:00,CLEVELAND CAVALIERS,91,NEW YORK KNICKS,102
1998-02-15 05:00:00+00:00,DENVER NUGGETS,82,PORTLAND TRAIL BLAZERS,117
1998-02-15 05:00:00+00:00,WASHINGTON WIZARDS,86,SACRAMENTO KINGS,88
1998-02-15 05:00:00+00:00,MIAMI HEAT,116,TORONTO RAPTORS,95
1998-02-16 05:00:00+00:00,ORLANDO MAGIC,85,ATLANTA HAWKS,81
1998-02-16 05:00:00+00:00,HOUSTON ROCKETS,121,LOS ANGELES CLIPPERS,99
1998-02-16 05:00:00+00:00,MILWAUKEE BUCKS,92,NEW JERSEY NETS,103
1998-02-16 05:00:00+00:00,CHARLOTTE HORNETS,90,UTAH JAZZ,96
1998-02-17 05:00:00+00:00,INDIANA PACERS,97,CHICAGO BULLS,105
1998-02-17 05:00:00+00:00,PHOENIX SUNS,95,DALLAS MAVERICKS,77
1998-02-17 05:00:00+00:00,NEW YORK KNICKS,91,DENVER NUGGETS,77
1998-02-17 05:00:00+00:00,MINNESOTA TIMBERWOLVES,84,MIAMI HEAT,110
1998-02-17 05:00:00+00:00,CLEVELAND CAVALIERS,97,PHILADELPHIA 76ERS,98
1998-02-17 05:00:00+00:00,GOLDEN STATE WARRIORS,83,PORTLAND TRAIL BLAZERS,101
1998-02-17 05:00:00+00:00,BOSTON CELTICS,99,SACRAMENTO KINGS,102
1998-02-17 05:00:00+00:00,DETROIT PISTONS,94,SAN ANTONIO SPURS,95
1998-02-18 05:00:00+00:00,NEW JERSEY NETS,104,ATLANTA HAWKS,114
1998-02-18 05:00:00+00:00,CHARLOTTE HORNETS,77,GOLDEN STATE WARRIORS,88
1998-02-18 05:00:00+00:00,MINNESOTA TIMBERWOLVES,102,ORLANDO MAGIC,115
1998-02-18 05:00:00+00:00,LOS ANGELES LAKERS,103,PHOENIX SUNS,110
1998-02-18 05:00:00+00:00,PORTLAND TRAIL BLAZERS,95,SEATTLE SUPERSONICS,101
1998-02-18 05:00:00+00:00,NEW YORK KNICKS,78,UTAH JAZZ,94
1998-02-18 05:00:00+00:00,BOSTON CELTICS,114,VANCOUVER GRIZZLIES,105
1998-02-18 05:00:00+00:00,MILWAUKEE BUCKS,108,WASHINGTON WIZARDS,98
1998-02-19 05:00:00+00:00,SAN ANTONIO SPURS,87,DALLAS MAVERICKS,81
1998-02-19 05:00:00+00:00,DETROIT PISTONS,90,HOUSTON ROCKETS,100
1998-02-19 05:00:00+00:00,PHILADELPHIA 76ERS,77,INDIANA PACERS,82
1998-02-19 05:00:00+00:00,MIAMI HEAT,89,LOS ANGELES CLIPPERS,80
1998-02-19 05:00:00+00:00,DENVER NUGGETS,92,LOS ANGELES LAKERS,131
1998-02-19 05:00:00+00:00,CHICAGO BULLS,123,TORONTO RAPTORS,86
1998-02-20 05:00:00+00:00,VANCOUVER GRIZZLIES,92,ATLANTA HAWKS,115
1998-02-20 05:00:00+00:00,DENVER NUGGETS,88,GOLDEN STATE WARRIORS,95
1998-02-20 05:00:00+00:00,TORONTO RAPTORS,89,MILWAUKEE BUCKS,94
1998-02-20 05:00:00+00:00,HOUSTON ROCKETS,95,MINNESOTA TIMBERWOLVES,100
1998-02-20 05:00:00+00:00,CLEVELAND CAVALIERS,109,NEW JERSEY NETS,95
1998-02-20 05:00:00+00:00,INDIANA PACERS,91,ORLANDO MAGIC,93
1998-02-20 05:00:00+00:00,CHARLOTTE HORNETS,99,PHOENIX SUNS,115
1998-02-20 05:00:00+00:00,NEW YORK KNICKS,98,PORTLAND TRAIL BLAZERS,89
1998-02-20 05:00:00+00:00,MIAMI HEAT,91,SACRAMENTO KINGS,77
1998-02-20 05:00:00+00:00,BOSTON CELTICS,106,SEATTLE SUPERSONICS,96
1998-02-21 05:00:00+00:00,DETROIT PISTONS,94,DALLAS MAVERICKS,82
1998-02-21 05:00:00+00:00,CHARLOTTE HORNETS,111,LOS ANGELES CLIPPERS,98
1998-02-21 05:00:00+00:00,PHILADELPHIA 76ERS,98,NEW JERSEY NETS,89
1998-02-21 05:00:00+00:00,UTAH JAZZ,79,SAN ANTONIO SPURS,77
1998-02-21 05:00:00+00:00,CHICAGO BULLS,94,WASHINGTON WIZARDS,88
1998-02-22 05:00:00+00:00,MIAMI HEAT,90,GOLDEN STATE WARRIORS,82
1998-02-22 05:00:00+00:00,CLEVELAND CAVALIERS,71,MILWAUKEE BUCKS,79
1998-02-22 05:00:00+00:00,SACRAMENTO KINGS,95,MINNESOTA TIMBERWOLVES,113
1998-02-22 05:00:00+00:00,HOUSTON ROCKETS,74,NEW YORK KNICKS,92
1998-02-22 05:00:00+00:00,LOS ANGELES LAKERS,94,ORLANDO MAGIC,96
1998-02-22 05:00:00+00:00,INDIANA PACERS,97,PHILADELPHIA 76ERS,92
1998-02-22 05:00:00+00:00,SAN ANTONIO SPURS,79,PHOENIX SUNS,97
1998-02-22 05:00:00+00:00,BOSTON CELTICS,96,PORTLAND TRAIL BLAZERS,121
1998-02-22 05:00:00+00:00,DENVER NUGGETS,68,SEATTLE SUPERSONICS,88
1998-02-22 05:00:00+00:00,VANCOUVER GRIZZLIES,105,TORONTO RAPTORS,113
1998-02-23 05:00:00+00:00,CLEVELAND CAVALIERS,75,CHICAGO BULLS,97
1998-02-23 05:00:00+00:00,CHARLOTTE HORNETS,118,DENVER NUGGETS,98
1998-02-23 05:00:00+00:00,SACRAMENTO KINGS,85,DETROIT PISTONS,111
1998-02-23 05:00:00+00:00,SEATTLE SUPERSONICS,101,LOS ANGELES CLIPPERS,100
1998-02-24 05:00:00+00:00,LOS ANGELES LAKERS,98,MILWAUKEE BUCKS,81
1998-02-24 05:00:00+00:00,VANCOUVER GRIZZLIES,101,NEW JERSEY NETS,110
1998-02-24 05:00:00+00:00,GOLDEN STATE WARRIORS,87,NEW YORK KNICKS,82
1998-02-24 05:00:00+00:00,PHILADELPHIA 76ERS,85,PHOENIX SUNS,84
1998-02-24 05:00:00+00:00,MINNESOTA TIMBERWOLVES,99,SAN ANTONIO SPURS,105
1998-02-24 05:00:00+00:00,MIAMI HEAT,104,UTAH JAZZ,102
1998-02-24 05:00:00+00:00,HOUSTON ROCKETS,112,WASHINGTON WIZARDS,124
1998-02-25 05:00:00+00:00,SACRAMENTO KINGS,94,BOSTON CELTICS,111
1998-02-25 05:00:00+00:00,PORTLAND TRAIL BLAZERS,106,CHICAGO BULLS,101
1998-02-25 05:00:00+00:00,VANCOUVER GRIZZLIES,101,CLEVELAND CAVALIERS,106
1998-02-25 05:00:00+00:00,ATLANTA HAWKS,112,DENVER NUGGETS,88
1998-02-25 05:00:00+00:00,CHARLOTTE HORNETS,98,DETROIT PISTONS,88
1998-02-25 05:00:00+00:00,LOS ANGELES LAKERS,96,INDIANA PACERS,89
1998-02-25 05:00:00+00:00,PHILADELPHIA 76ERS,108,LOS ANGELES CLIPPERS,117
1998-02-25 05:00:00+00:00,DALLAS MAVERICKS,79,ORLANDO MAGIC,100
1998-02-26 05:00:00+00:00,MINNESOTA TIMBERWOLVES,98,HOUSTON ROCKETS,118
1998-02-26 05:00:00+00:00,DALLAS MAVERICKS,72,MIAMI HEAT,91
1998-02-26 05:00:00+00:00,SACRAMENTO KINGS,99,NEW JERSEY NETS,102
1998-02-26 05:00:00+00:00,MILWAUKEE BUCKS,90,NEW YORK KNICKS,102
1998-02-26 05:00:00+00:00,TORONTO RAPTORS,86,SAN ANTONIO SPURS,97
1998-02-26 05:00:00+00:00,PHOENIX SUNS,97,UTAH JAZZ,108
1998-02-26 05:00:00+00:00,GOLDEN STATE WARRIORS,87,WASHINGTON WIZARDS,110
1998-02-27 05:00:00+00:00,GOLDEN STATE WARRIORS,88,BOSTON CELTICS,120
1998-02-27 05:00:00+00:00,PHILADELPHIA 76ERS,79,DENVER NUGGETS,78
1998-02-27 05:00:00+00:00,CLEVELAND CAVALIERS,87,DETROIT PISTONS,90
1998-02-27 05:00:00+00:00,PORTLAND TRAIL BLAZERS,59,INDIANA PACERS,124
1998-02-27 05:00:00+00:00,PHOENIX SUNS,104,LOS ANGELES CLIPPERS,99
1998-02-27 05:00:00+00:00,LOS ANGELES LAKERS,104,MINNESOTA TIMBERWOLVES,91
1998-02-27 05:00:00+00:00,TORONTO RAPTORS,115,ORLANDO MAGIC,107
1998-02-27 05:00:00+00:00,ATLANTA HAWKS,88,SEATTLE SUPERSONICS,90
1998-02-28 05:00:00+00:00,ORLANDO MAGIC,80,CHARLOTTE HORNETS,90
1998-02-28 05:00:00+00:00,SACRAMENTO KINGS,94,CHICAGO BULLS,109
1998-02-28 05:00:00+00:00,MIAMI HEAT,95,NEW JERSEY NETS,93
1998-02-28 05:00:00+00:00,PHILADELPHIA 76ERS,88,SAN ANTONIO SPURS,100
1998-02-28 05:00:00+00:00,DALLAS MAVERICKS,103,WASHINGTON WIZARDS,77
1998-03-01 05:00:00+00:00,PORTLAND TRAIL BLAZERS,101,BOSTON CELTICS,102
1998-03-01 05:00:00+00:00,GOLDEN STATE WARRIORS,82,CLEVELAND CAVALIERS,102
1998-03-01 05:00:00+00:00,UTAH JAZZ,106,HOUSTON ROCKETS,100
1998-03-01 05:00:00+00:00,DENVER NUGGETS,63,INDIANA PACERS,90
1998-03-01 05:00:00+00:00,NEW JERSEY NETS,84,MIAMI HEAT,85
1998-03-01 05:00:00+00:00,DETROIT PISTONS,113,MINNESOTA TIMBERWOLVES,115
1998-03-01 05:00:00+00:00,LOS ANGELES LAKERS,89,NEW YORK KNICKS,101
1998-03-01 05:00:00+00:00,PHOENIX SUNS,87,SEATTLE SUPERSONICS,89
1998-03-01 05:00:00+00:00,ATLANTA HAWKS,101,VANCOUVER GRIZZLIES,76
1998-03-02 05:00:00+00:00,GOLDEN STATE WARRIORS,83,CHARLOTTE HORNETS,112
1998-03-02 05:00:00+00:00,DALLAS MAVERICKS,94,DETROIT PISTONS,100
1998-03-02 05:00:00+00:00,SAN ANTONIO SPURS,116,SACRAMENTO KINGS,95
1998-03-02 05:00:00+00:00,LOS ANGELES LAKERS,86,WASHINGTON WIZARDS,96
1998-03-03 05:00:00+00:00,DENVER NUGGETS,90,CHICAGO BULLS,118
1998-03-03 05:00:00+00:00,LOS ANGELES CLIPPERS,97,HOUSTON ROCKETS,107
1998-03-03 05:00:00+00:00,SEATTLE SUPERSONICS,97,MIAMI HEAT,91
1998-03-03 05:00:00+00:00,DALLAS MAVERICKS,110,MINNESOTA TIMBERWOLVES,99
1998-03-03 05:00:00+00:00,NEW JERSEY NETS,91,NEW YORK KNICKS,94
1998-03-03 05:00:00+00:00,PHOENIX SUNS,93,PORTLAND TRAIL BLAZERS,98
1998-03-03 05:00:00+00:00,UTAH JAZZ,108,TORONTO RAPTORS,93
1998-03-03 05:00:00+00:00,INDIANA PACERS,111,VANCOUVER GRIZZLIES,103
1998-03-04 05:00:00+00:00,UTAH JAZZ,110,BOSTON CELTICS,94
1998-03-04 05:00:00+00:00,MINNESOTA TIMBERWOLVES,102,CHARLOTTE HORNETS,112
1998-03-04 05:00:00+00:00,TORONTO RAPTORS,88,CLEVELAND CAVALIERS,122
1998-03-04 05:00:00+00:00,SAN ANTONIO SPURS,83,GOLDEN STATE WARRIORS,90
1998-03-04 05:00:00+00:00,INDIANA PACERS,95,LOS ANGELES LAKERS,104
1998-03-04 05:00:00+00:00,SEATTLE SUPERSONICS,83,ORLANDO MAGIC,96
1998-03-04 05:00:00+00:00,MILWAUKEE BUCKS,80,PHILADELPHIA 76ERS,87
1998-03-04 05:00:00+00:00,DETROIT PISTONS,89,SACRAMENTO KINGS,109
1998-03-05 05:00:00+00:00,LOS ANGELES CLIPPERS,109,DALLAS MAVERICKS,119
1998-03-05 05:00:00+00:00,MIAMI HEAT,117,HOUSTON ROCKETS,93
1998-03-05 05:00:00+00:00,DENVER NUGGETS,87,MILWAUKEE BUCKS,104
1998-03-05 05:00:00+00:00,DETROIT PISTONS,93,PHOENIX SUNS,102
1998-03-05 05:00:00+00:00,NEW YORK KNICKS,90,WASHINGTON WIZARDS,103
1998-03-06 05:00:00+00:00,DENVER NUGGETS,94,ATLANTA HAWKS,115
1998-03-06 05:00:00+00:00,WASHINGTON WIZARDS,98,BOSTON CELTICS,108
1998-03-06 05:00:00+00:00,SEATTLE SUPERSONICS,98,CHARLOTTE HORNETS,104
1998-03-06 05:00:00+00:00,INDIANA PACERS,101,GOLDEN STATE WARRIORS,87
1998-03-06 05:00:00+00:00,SAN ANTONIO SPURS,84,LOS ANGELES LAKERS,91
1998-03-06 05:00:00+00:00,TORONTO RAPTORS,91,MINNESOTA TIMBERWOLVES,113
1998-03-06 05:00:00+00:00,UTAH JAZZ,122,NEW JERSEY NETS,115
1998-03-06 05:00:00+00:00,CLEVELAND CAVALIERS,89,ORLANDO MAGIC,91
1998-03-06 05:00:00+00:00,NEW YORK KNICKS,71,PHILADELPHIA 76ERS,80
1998-03-06 05:00:00+00:00,SACRAMENTO KINGS,98,VANCOUVER GRIZZLIES,96
1998-03-07 05:00:00+00:00,MIAMI HEAT,94,DALLAS MAVERICKS,88
1998-03-07 05:00:00+00:00,UTAH JAZZ,110,MILWAUKEE BUCKS,92
1998-03-07 05:00:00+00:00,HOUSTON ROCKETS,108,PHOENIX SUNS,89
1998-03-08 05:00:00+00:00,CLEVELAND CAVALIERS,96,ATLANTA HAWKS,101
1998-03-08 05:00:00+00:00,LOS ANGELES CLIPPERS,100,DENVER NUGGETS,89
1998-03-08 05:00:00+00:00,BOSTON CELTICS,100,INDIANA PACERS,104
1998-03-08 05:00:00+00:00,DETROIT PISTONS,89,LOS ANGELES LAKERS,96
1998-03-08 05:00:00+00:00,SEATTLE SUPERSONICS,99,MINNESOTA TIMBERWOLVES,98
1998-03-08 05:00:00+00:00,CHARLOTTE HORNETS,109,NEW JERSEY NETS,100
1998-03-08 05:00:00+00:00,CHICAGO BULLS,102,NEW YORK KNICKS,89
1998-03-08 05:00:00+00:00,SAN ANTONIO SPURS,82,PORTLAND TRAIL BLAZERS,78
1998-03-08 05:00:00+00:00,TORONTO RAPTORS,106,VANCOUVER GRIZZLIES,113
1998-03-08 05:00:00+00:00,PHILADELPHIA 76ERS,91,WASHINGTON WIZARDS,100
1998-03-09 05:00:00+00:00,ORLANDO MAGIC,88,PHILADELPHIA 76ERS,78
1998-03-09 05:00:00+00:00,LOS ANGELES CLIPPERS,105,PHOENIX SUNS,134
1998-03-09 05:00:00+00:00,GOLDEN STATE WARRIORS,93,SACRAMENTO KINGS,88
1998-03-09 05:00:00+00:00,HOUSTON ROCKETS,93,UTAH JAZZ,100
1998-03-10 05:00:00+00:00,MIAMI HEAT,91,CHICAGO BULLS,106
1998-03-10 05:00:00+00:00,PHOENIX SUNS,100,DENVER NUGGETS,76
1998-03-10 05:00:00+00:00,DALLAS MAVERICKS,91,HOUSTON ROCKETS,97
1998-03-10 05:00:00+00:00,WASHINGTON WIZARDS,93,MILWAUKEE BUCKS,77
1998-03-10 05:00:00+00:00,ORLANDO MAGIC,78,NEW YORK KNICKS,85
1998-03-10 05:00:00+00:00,NEW JERSEY NETS,78,SAN ANTONIO SPURS,79
1998-03-10 05:00:00+00:00,TORONTO RAPTORS,93,SEATTLE SUPERSONICS,111
1998-03-11 05:00:00+00:00,ATLANTA HAWKS,110,BOSTON CELTICS,105
1998-03-11 05:00:00+00:00,NEW YORK KNICKS,78,CHARLOTTE HORNETS,85
1998-03-11 05:00:00+00:00,MILWAUKEE BUCKS,83,CLEVELAND CAVALIERS,95
1998-03-11 05:00:00+00:00,INDIANA PACERS,91,DETROIT PISTONS,122
1998-03-11 05:00:00+00:00,MINNESOTA TIMBERWOLVES,113,GOLDEN STATE WARRIORS,84
1998-03-11 05:00:00+00:00,PORTLAND TRAIL BLAZERS,107,LOS ANGELES LAKERS,121
1998-03-11 05:00:00+00:00,WASHINGTON WIZARDS,86,PHILADELPHIA 76ERS,88
1998-03-11 05:00:00+00:00,SACRAMENTO KINGS,95,UTAH JAZZ,110
1998-03-12 05:00:00+00:00,CHICAGO BULLS,97,DALLAS MAVERICKS,104
1998-03-12 05:00:00+00:00,VANCOUVER GRIZZLIES,93,DENVER NUGGETS,98
1998-03-12 05:00:00+00:00,NEW JERSEY NETS,104,HOUSTON ROCKETS,115
1998-03-12 05:00:00+00:00,LOS ANGELES LAKERS,108,LOS ANGELES CLIPPERS,85
1998-03-12 05:00:00+00:00,CLEVELAND CAVALIERS,74,MIAMI HEAT,97
1998-03-12 05:00:00+00:00,MINNESOTA TIMBERWOLVES,92,PORTLAND TRAIL BLAZERS,95
1998-03-12 05:00:00+00:00,SACRAMENTO KINGS,86,SAN ANTONIO SPURS,97
1998-03-13 05:00:00+00:00,DETROIT PISTONS,96,BOSTON CELTICS,92
1998-03-13 05:00:00+00:00,MILWAUKEE BUCKS,76,INDIANA PACERS,96
1998-03-13 05:00:00+00:00,TORONTO RAPTORS,120,LOS ANGELES CLIPPERS,152
1998-03-13 05:00:00+00:00,CHARLOTTE HORNETS,100,ORLANDO MAGIC,82
1998-03-13 05:00:00+00:00,ATLANTA HAWKS,86,PHILADELPHIA 76ERS,107
1998-03-13 05:00:00+00:00,GOLDEN STATE WARRIORS,77,PHOENIX SUNS,101
1998-03-13 05:00:00+00:00,VANCOUVER GRIZZLIES,101,UTAH JAZZ,110
1998-03-14 05:00:00+00:00,WASHINGTON WIZARDS,83,CHARLOTTE HORNETS,80
1998-03-14 05:00:00+00:00,NEW YORK KNICKS,85,CLEVELAND CAVALIERS,88
1998-03-14 05:00:00+00:00,NEW JERSEY NETS,108,DALLAS MAVERICKS,93
1998-03-14 05:00:00+00:00,PORTLAND TRAIL BLAZERS,82,DENVER NUGGETS,92
1998-03-14 05:00:00+00:00,SACRAMENTO KINGS,86,HOUSTON ROCKETS,89
1998-03-14 05:00:00+00:00,PHILADELPHIA 76ERS,93,MILWAUKEE BUCKS,89
1998-03-14 05:00:00+00:00,CHICAGO BULLS,96,SAN ANTONIO SPURS,86
1998-03-14 05:00:00+00:00,MINNESOTA TIMBERWOLVES,80,SEATTLE SUPERSONICS,114
1998-03-15 05:00:00+00:00,BOSTON CELTICS,77,ATLANTA HAWKS,93
1998-03-15 05:00:00+00:00,UTAH JAZZ,109,DETROIT PISTONS,98
1998-03-15 05:00:00+00:00,TORONTO RAPTORS,100,GOLDEN STATE WARRIORS,98
1998-03-15 05:00:00+00:00,INDIANA PACERS,91,NEW YORK KNICKS,86
1998-03-15 05:00:00+00:00,MIAMI HEAT,79,ORLANDO MAGIC,76
1998-03-15 05:00:00+00:00,DALLAS MAVERICKS,90,PHOENIX SUNS,100
1998-03-15 05:00:00+00:00,LOS ANGELES CLIPPERS,92,PORTLAND TRAIL BLAZERS,103
1998-03-15 05:00:00+00:00,LOS ANGELES LAKERS,119,VANCOUVER GRIZZLIES,110
1998-03-16 05:00:00+00:00,DENVER NUGGETS,87,CHARLOTTE HORNETS,109
1998-03-16 05:00:00+00:00,NEW JERSEY NETS,72,CHICAGO BULLS,88
1998-03-16 05:00:00+00:00,DETROIT PISTONS,103,MIAMI HEAT,90
1998-03-16 05:00:00+00:00,UTAH JAZZ,102,MINNESOTA TIMBERWOLVES,96
1998-03-16 05:00:00+00:00,MILWAUKEE BUCKS,85,SAN ANTONIO SPURS,96
1998-03-16 05:00:00+00:00,LOS ANGELES LAKERS,89,SEATTLE SUPERSONICS,101
1998-03-17 05:00:00+00:00,BOSTON CELTICS,93,DALLAS MAVERICKS,99
1998-03-17 05:00:00+00:00,LOS ANGELES CLIPPERS,107,GOLDEN STATE WARRIORS,102
1998-03-17 05:00:00+00:00,MILWAUKEE BUCKS,91,HOUSTON ROCKETS,96
1998-03-17 05:00:00+00:00,CHICAGO BULLS,90,INDIANA PACERS,84
1998-03-17 05:00:00+00:00,PHILADELPHIA 76ERS,96,NEW YORK KNICKS,100
1998-03-17 05:00:00+00:00,VANCOUVER GRIZZLIES,92,ORLANDO MAGIC,99
1998-03-17 05:00:00+00:00,SACRAMENTO KINGS,80,PHOENIX SUNS,107
1998-03-17 05:00:00+00:00,CLEVELAND CAVALIERS,96,PORTLAND TRAIL BLAZERS,82
1998-03-17 05:00:00+00:00,ATLANTA HAWKS,117,TORONTO RAPTORS,105
1998-03-17 05:00:00+00:00,DENVER NUGGETS,90,WASHINGTON WIZARDS,89
1998-03-18 05:00:00+00:00,UTAH JAZZ,85,CHARLOTTE HORNETS,111
1998-03-18 05:00:00+00:00,PHILADELPHIA 76ERS,104,DETROIT PISTONS,96
1998-03-18 05:00:00+00:00,PHOENIX SUNS,93,LOS ANGELES LAKERS,99
1998-03-18 05:00:00+00:00,VANCOUVER GRIZZLIES,91,MIAMI HEAT,94
1998-03-18 05:00:00+00:00,SAN ANTONIO SPURS,92,MINNESOTA TIMBERWOLVES,76
1998-03-18 05:00:00+00:00,LOS ANGELES CLIPPERS,80,SEATTLE SUPERSONICS,99
1998-03-19 05:00:00+00:00,MILWAUKEE BUCKS,81,ATLANTA HAWKS,84
1998-03-19 05:00:00+00:00,GOLDEN STATE WARRIORS,82,DALLAS MAVERICKS,88
1998-03-19 05:00:00+00:00,BOSTON CELTICS,96,HOUSTON ROCKETS,105
1998-03-19 05:00:00+00:00,ORLANDO MAGIC,87,NEW JERSEY NETS,93
1998-03-19 05:00:00+00:00,PORTLAND TRAIL BLAZERS,82,NEW YORK KNICKS,77
1998-03-19 05:00:00+00:00,CLEVELAND CAVALIERS,90,SACRAMENTO KINGS,85
1998-03-19 05:00:00+00:00,DENVER NUGGETS,103,TORONTO RAPTORS,104
1998-03-19 05:00:00+00:00,INDIANA PACERS,95,WASHINGTON WIZARDS,91
1998-03-20 05:00:00+00:00,VANCOUVER GRIZZLIES,92,CHICAGO BULLS,98
1998-03-20 05:00:00+00:00,TORONTO RAPTORS,99,DETROIT PISTONS,105
1998-03-20 05:00:00+00:00,NEW JERSEY NETS,92,INDIANA PACERS,99
1998-03-20 05:00:00+00:00,SEATTLE SUPERSONICS,80,LOS ANGELES LAKERS,93
1998-03-20 05:00:00+00:00,GOLDEN STATE WARRIORS,87,MIAMI HEAT,93
1998-03-20 05:00:00+00:00,DENVER NUGGETS,88,MINNESOTA TIMBERWOLVES,104
1998-03-20 05:00:00+00:00,ATLANTA HAWKS,108,NEW YORK KNICKS,109
1998-03-20 05:00:00+00:00,PORTLAND TRAIL BLAZERS,87,ORLANDO MAGIC,102
1998-03-20 05:00:00+00:00,UTAH JAZZ,91,PHILADELPHIA 76ERS,79
1998-03-20 05:00:00+00:00,CHARLOTTE HORNETS,92,SAN ANTONIO SPURS,82
1998-03-21 05:00:00+00:00,HOUSTON ROCKETS,103,DALLAS MAVERICKS,95
1998-03-21 05:00:00+00:00,CLEVELAND CAVALIERS,100,LOS ANGELES CLIPPERS,79
1998-03-21 05:00:00+00:00,VANCOUVER GRIZZLIES,88,MINNESOTA TIMBERWOLVES,102
1998-03-21 05:00:00+00:00,SEATTLE SUPERSONICS,102,PHOENIX SUNS,109
1998-03-22 05:00:00+00:00,PHILADELPHIA 76ERS,90,BOSTON CELTICS,108
1998-03-22 05:00:00+00:00,ATLANTA HAWKS,98,DETROIT PISTONS,105
1998-03-22 05:00:00+00:00,PORTLAND TRAIL BLAZERS,80,MIAMI HEAT,112
1998-03-22 05:00:00+00:00,INDIANA PACERS,96,MILWAUKEE BUCKS,94
1998-03-22 05:00:00+00:00,WASHINGTON WIZARDS,102,NEW JERSEY NETS,100
1998-03-22 05:00:00+00:00,UTAH JAZZ,124,NEW YORK KNICKS,119
1998-03-22 05:00:00+00:00,GOLDEN STATE WARRIORS,83,ORLANDO MAGIC,92
1998-03-22 05:00:00+00:00,LOS ANGELES LAKERS,96,SACRAMENTO KINGS,93
1998-03-22 05:00:00+00:00,PHOENIX SUNS,83,SAN ANTONIO SPURS,93
1998-03-22 05:00:00+00:00,CHICAGO BULLS,102,TORONTO RAPTORS,100
1998-03-23 05:00:00+00:00,BOSTON CELTICS,88,CHICAGO BULLS,111
1998-03-23 05:00:00+00:00,MINNESOTA TIMBERWOLVES,87,DALLAS MAVERICKS,91
1998-03-23 05:00:00+00:00,LOS ANGELES LAKERS,107,DENVER NUGGETS,86
1998-03-23 05:00:00+00:00,DETROIT PISTONS,94,PHILADELPHIA 76ERS,79
1998-03-23 05:00:00+00:00,SACRAMENTO KINGS,83,SEATTLE SUPERSONICS,109
1998-03-23 05:00:00+00:00,LOS ANGELES CLIPPERS,95,VANCOUVER GRIZZLIES,106
1998-03-24 05:00:00+00:00,ORLANDO MAGIC,73,ATLANTA HAWKS,85
1998-03-24 05:00:00+00:00,SAN ANTONIO SPURS,86,CLEVELAND CAVALIERS,85
1998-03-24 05:00:00+00:00,NEW YORK KNICKS,88,GOLDEN STATE WARRIORS,75
1998-03-24 05:00:00+00:00,HOUSTON ROCKETS,108,MILWAUKEE BUCKS,118
1998-03-24 05:00:00+00:00,WASHINGTON WIZARDS,99,PORTLAND TRAIL BLAZERS,87
1998-03-24 05:00:00+00:00,CHARLOTTE HORNETS,106,TORONTO RAPTORS,89
1998-03-24 05:00:00+00:00,PHOENIX SUNS,73,UTAH JAZZ,92
1998-03-25 05:00:00+00:00,MIAMI HEAT,105,BOSTON CELTICS,91
1998-03-25 05:00:00+00:00,DALLAS MAVERICKS,105,DENVER NUGGETS,94
1998-03-25 05:00:00+00:00,SAN ANTONIO SPURS,94,DETROIT PISTONS,103
1998-03-25 05:00:00+00:00,HOUSTON ROCKETS,86,INDIANA PACERS,81
1998-03-25 05:00:00+00:00,NEW YORK KNICKS,77,LOS ANGELES CLIPPERS,76
1998-03-25 05:00:00+00:00,SACRAMENTO KINGS,91,LOS ANGELES LAKERS,114
1998-03-25 05:00:00+00:00,CHICAGO BULLS,85,ORLANDO MAGIC,70
1998-03-25 05:00:00+00:00,NEW JERSEY NETS,91,PHILADELPHIA 76ERS,86
1998-03-25 05:00:00+00:00,MINNESOTA TIMBERWOLVES,99,PHOENIX SUNS,97
1998-03-25 05:00:00+00:00,WASHINGTON WIZARDS,109,SEATTLE SUPERSONICS,133
1998-03-26 05:00:00+00:00,MILWAUKEE BUCKS,80,CHARLOTTE HORNETS,94
1998-03-26 05:00:00+00:00,SEATTLE SUPERSONICS,91,GOLDEN STATE WARRIORS,98
1998-03-26 05:00:00+00:00,VANCOUVER GRIZZLIES,102,PORTLAND TRAIL BLAZERS,108
1998-03-26 05:00:00+00:00,CLEVELAND CAVALIERS,97,TORONTO RAPTORS,96
1998-03-27 05:00:00+00:00,CHICAGO BULLS,89,ATLANTA HAWKS,74
1998-03-27 05:00:00+00:00,DETROIT PISTONS,87,CLEVELAND CAVALIERS,88
1998-03-27 05:00:00+00:00,UTAH JAZZ,99,DALLAS MAVERICKS,90
1998-03-27 05:00:00+00:00,GOLDEN STATE WARRIORS,89,DENVER NUGGETS,97
1998-03-27 05:00:00+00:00,CHARLOTTE HORNETS,96,INDIANA PACERS,133
1998-03-27 05:00:00+00:00,MINNESOTA TIMBERWOLVES,100,LOS ANGELES CLIPPERS,98
1998-03-27 05:00:00+00:00,MILWAUKEE BUCKS,77,MIAMI HEAT,102
1998-03-27 05:00:00+00:00,BOSTON CELTICS,82,NEW JERSEY NETS,76
1998-03-27 05:00:00+00:00,HOUSTON ROCKETS,75,ORLANDO MAGIC,100
1998-03-27 05:00:00+00:00,SAN ANTONIO SPURS,110,PHILADELPHIA 76ERS,85
1998-03-27 05:00:00+00:00,WASHINGTON WIZARDS,85,PHOENIX SUNS,89
1998-03-27 05:00:00+00:00,PORTLAND TRAIL BLAZERS,90,SACRAMENTO KINGS,73
1998-03-27 05:00:00+00:00,NEW YORK KNICKS,97,VANCOUVER GRIZZLIES,89
1998-03-28 05:00:00+00:00,NEW YORK KNICKS,78,SEATTLE SUPERSONICS,104
1998-03-28 05:00:00+00:00,LOS ANGELES LAKERS,91,UTAH JAZZ,106
1998-03-29 05:00:00+00:00,DETROIT PISTONS,95,ATLANTA HAWKS,118
1998-03-29 05:00:00+00:00,CHARLOTTE HORNETS,82,CLEVELAND CAVALIERS,97
1998-03-29 05:00:00+00:00,PORTLAND TRAIL BLAZERS,99,GOLDEN STATE WARRIORS,83
1998-03-29 05:00:00+00:00,SAN ANTONIO SPURS,74,INDIANA PACERS,55
1998-03-29 05:00:00+00:00,DALLAS MAVERICKS,86,LOS ANGELES CLIPPERS,108
1998-03-29 05:00:00+00:00,WASHINGTON WIZARDS,89,LOS ANGELES LAKERS,116
1998-03-29 05:00:00+00:00,HOUSTON ROCKETS,77,MIAMI HEAT,109
1998-03-29 05:00:00+00:00,CHICAGO BULLS,104,MILWAUKEE BUCKS,87
1998-03-29 05:00:00+00:00,BOSTON CELTICS,94,PHILADELPHIA 76ERS,99
1998-03-29 05:00:00+00:00,VANCOUVER GRIZZLIES,98,PHOENIX SUNS,106
1998-03-29 05:00:00+00:00,MINNESOTA TIMBERWOLVES,104,SACRAMENTO KINGS,96
1998-03-29 05:00:00+00:00,ORLANDO MAGIC,95,TORONTO RAPTORS,68
1998-03-31 05:00:00+00:00,PHILADELPHIA 76ERS,93,CHARLOTTE HORNETS,101
1998-03-31 05:00:00+00:00,DETROIT PISTONS,101,CHICAGO BULLS,106
1998-03-31 05:00:00+00:00,ORLANDO MAGIC,86,CLEVELAND CAVALIERS,93
1998-03-31 05:00:00+00:00,MILWAUKEE BUCKS,94,GOLDEN STATE WARRIORS,89
1998-03-31 05:00:00+00:00,PHOENIX SUNS,97,HOUSTON ROCKETS,86
1998-03-31 05:00:00+00:00,LOS ANGELES CLIPPERS,106,INDIANA PACERS,128
1998-03-31 05:00:00+00:00,BOSTON CELTICS,95,MIAMI HEAT,121
1998-03-31 05:00:00+00:00,ATLANTA HAWKS,90,NEW JERSEY NETS,105
1998-03-31 05:00:00+00:00,SAN ANTONIO SPURS,95,NEW YORK KNICKS,78
1998-03-31 05:00:00+00:00,UTAH JAZZ,86,SEATTLE SUPERSONICS,88
1998-03-31 05:00:00+00:00,LOS ANGELES LAKERS,114,TORONTO RAPTORS,105
1998-03-31 05:00:00+00:00,DALLAS MAVERICKS,104,VANCOUVER GRIZZLIES,101
1998-04-01 05:00:00+00:00,TORONTO RAPTORS,91,ATLANTA HAWKS,105
1998-04-01 05:00:00+00:00,MILWAUKEE BUCKS,106,DENVER NUGGETS,100
1998-04-01 05:00:00+00:00,CLEVELAND CAVALIERS,92,DETROIT PISTONS,90
1998-04-01 05:00:00+00:00,BOSTON CELTICS,98,ORLANDO MAGIC,87
1998-04-01 05:00:00+00:00,PORTLAND TRAIL BLAZERS,89,UTAH JAZZ,98
1998-04-01 05:00:00+00:00,PHILADELPHIA 76ERS,112,WASHINGTON WIZARDS,91
1998-04-02 05:00:00+00:00,GOLDEN STATE WARRIORS,104,HOUSTON ROCKETS,94
1998-04-02 05:00:00+00:00,MINNESOTA TIMBERWOLVES,108,INDIANA PACERS,111
1998-04-02 05:00:00+00:00,LOS ANGELES LAKERS,117,NEW JERSEY NETS,106
1998-04-02 05:00:00+00:00,LOS ANGELES CLIPPERS,70,NEW YORK KNICKS,81
1998-04-02 05:00:00+00:00,MIAMI HEAT,89,SAN ANTONIO SPURS,103
1998-04-02 05:00:00+00:00,DALLAS MAVERICKS,86,SEATTLE SUPERSONICS,107
1998-04-03 05:00:00+00:00,HOUSTON ROCKETS,87,ATLANTA HAWKS,107
1998-04-03 05:00:00+00:00,INDIANA PACERS,89,CHARLOTTE HORNETS,96
1998-04-03 05:00:00+00:00,MINNESOTA TIMBERWOLVES,93,CHICAGO BULLS,107
1998-04-03 05:00:00+00:00,LOS ANGELES LAKERS,105,CLEVELAND CAVALIERS,93
1998-04-03 05:00:00+00:00,BOSTON CELTICS,101,DETROIT PISTONS,100
1998-04-03 05:00:00+00:00,LOS ANGELES CLIPPERS,78,PHILADELPHIA 76ERS,93
1998-04-03 05:00:00+00:00,DALLAS MAVERICKS,102,PORTLAND TRAIL BLAZERS,109
1998-04-03 05:00:00+00:00,MILWAUKEE BUCKS,87,SACRAMENTO KINGS,86
1998-04-03 05:00:00+00:00,DENVER NUGGETS,75,UTAH JAZZ,97
1998-04-03 05:00:00+00:00,SEATTLE SUPERSONICS,138,VANCOUVER GRIZZLIES,98
1998-04-03 05:00:00+00:00,TORONTO RAPTORS,112,WASHINGTON WIZARDS,120
1998-04-04 05:00:00+00:00,CHARLOTTE HORNETS,88,MIAMI HEAT,101
1998-04-04 05:00:00+00:00,NEW YORK KNICKS,94,NEW JERSEY NETS,97
1998-04-04 05:00:00+00:00,PORTLAND TRAIL BLAZERS,83,PHOENIX SUNS,90
1998-04-04 05:00:00+00:00,GOLDEN STATE WARRIORS,80,SAN ANTONIO SPURS,88
1998-04-05 05:00:00+00:00,MINNESOTA TIMBERWOLVES,97,ATLANTA HAWKS,96
1998-04-05 05:00:00+00:00,NEW YORK KNICKS,92,BOSTON CELTICS,102
1998-04-05 05:00:00+00:00,LOS ANGELES CLIPPERS,93,CLEVELAND CAVALIERS,94
1998-04-05 05:00:00+00:00,SEATTLE SUPERSONICS,87,DENVER NUGGETS,83
1998-04-05 05:00:00+00:00,LOS ANGELES LAKERS,105,DETROIT PISTONS,103
1998-04-05 05:00:00+00:00,CHICAGO BULLS,109,HOUSTON ROCKETS,94
1998-04-05 05:00:00+00:00,MILWAUKEE BUCKS,92,INDIANA PACERS,93
1998-04-05 05:00:00+00:00,TORONTO RAPTORS,104,PHILADELPHIA 76ERS,116
1998-04-05 05:00:00+00:00,DALLAS MAVERICKS,99,SACRAMENTO KINGS,105
1998-04-05 05:00:00+00:00,UTAH JAZZ,99,VANCOUVER GRIZZLIES,93
1998-04-05 05:00:00+00:00,ORLANDO MAGIC,85,WASHINGTON WIZARDS,88
1998-04-06 04:00:00+00:00,CHARLOTTE HORNETS,115,NEW JERSEY NETS,125
1998-04-06 04:00:00+00:00,PHILADELPHIA 76ERS,92,ORLANDO MAGIC,113
1998-04-06 04:00:00+00:00,PORTLAND TRAIL BLAZERS,79,SAN ANTONIO SPURS,75
1998-04-06 04:00:00+00:00,PHOENIX SUNS,102,SEATTLE SUPERSONICS,92
1998-04-07 04:00:00+00:00,NEW YORK KNICKS,79,ATLANTA HAWKS,92
1998-04-07 04:00:00+00:00,WASHINGTON WIZARDS,85,CHICAGO BULLS,103
1998-04-07 04:00:00+00:00,PORTLAND TRAIL BLAZERS,99,DALLAS MAVERICKS,91
1998-04-07 04:00:00+00:00,HOUSTON ROCKETS,104,DENVER NUGGETS,87
1998-04-07 04:00:00+00:00,UTAH JAZZ,101,GOLDEN STATE WARRIORS,99
1998-04-07 04:00:00+00:00,CLEVELAND CAVALIERS,80,INDIANA PACERS,82
1998-04-07 04:00:00+00:00,VANCOUVER GRIZZLIES,110,LOS ANGELES CLIPPERS,94
1998-04-07 04:00:00+00:00,TORONTO RAPTORS,105,MILWAUKEE BUCKS,114
1998-04-07 04:00:00+00:00,MIAMI HEAT,89,MINNESOTA TIMBERWOLVES,92
1998-04-07 04:00:00+00:00,PHOENIX SUNS,103,SACRAMENTO KINGS,97
1998-04-08 04:00:00+00:00,NEW JERSEY NETS,117,BOSTON CELTICS,104
1998-04-08 04:00:00+00:00,VANCOUVER GRIZZLIES,102,LOS ANGELES LAKERS,113
1998-04-08 04:00:00+00:00,MIAMI HEAT,80,NEW YORK KNICKS,83
1998-04-08 04:00:00+00:00,DETROIT PISTONS,87,ORLANDO MAGIC,95
1998-04-08 04:00:00+00:00,CHARLOTTE HORNETS,101,PHILADELPHIA 76ERS,109
1998-04-08 04:00:00+00:00,MILWAUKEE BUCKS,107,TORONTO RAPTORS,100
1998-04-08 04:00:00+00:00,SAN ANTONIO SPURS,88,UTAH JAZZ,98
1998-04-09 04:00:00+00:00,INDIANA PACERS,105,ATLANTA HAWKS,102
1998-04-09 04:00:00+00:00,CHICAGO BULLS,85,CLEVELAND CAVALIERS,91
1998-04-09 04:00:00+00:00,SEATTLE SUPERSONICS,103,DALLAS MAVERICKS,101
1998-04-09 04:00:00+00:00,SACRAMENTO KINGS,103,DENVER NUGGETS,128
1998-04-09 04:00:00+00:00,HOUSTON ROCKETS,93,GOLDEN STATE WARRIORS,89
1998-04-09 04:00:00+00:00,PORTLAND TRAIL BLAZERS,99,LOS ANGELES CLIPPERS,95
1998-04-09 04:00:00+00:00,DETROIT PISTONS,102,WASHINGTON WIZARDS,83
1998-04-10 04:00:00+00:00,ORLANDO MAGIC,80,BOSTON CELTICS,82
1998-04-10 04:00:00+00:00,ATLANTA HAWKS,99,CHARLOTTE HORNETS,87
1998-04-10 04:00:00+00:00,PHOENIX SUNS,114,LOS ANGELES LAKERS,105
1998-04-10 04:00:00+00:00,PHILADELPHIA 76ERS,102,MINNESOTA TIMBERWOLVES,107
1998-04-10 04:00:00+00:00,HOUSTON ROCKETS,97,SACRAMENTO KINGS,85
1998-04-10 04:00:00+00:00,SEATTLE SUPERSONICS,84,SAN ANTONIO SPURS,99
1998-04-10 04:00:00+00:00,MIAMI HEAT,111,TORONTO RAPTORS,105
1998-04-10 04:00:00+00:00,LOS ANGELES CLIPPERS,109,UTAH JAZZ,126
1998-04-11 04:00:00+00:00,ORLANDO MAGIC,78,CHICAGO BULLS,87
1998-04-11 04:00:00+00:00,PHILADELPHIA 76ERS,95,CLEVELAND CAVALIERS,106
1998-04-11 04:00:00+00:00,DENVER NUGGETS,81,DALLAS MAVERICKS,99
1998-04-11 04:00:00+00:00,LOS ANGELES LAKERS,96,GOLDEN STATE WARRIORS,84
1998-04-11 04:00:00+00:00,NEW JERSEY NETS,124,MILWAUKEE BUCKS,117
1998-04-11 04:00:00+00:00,UTAH JAZZ,103,MINNESOTA TIMBERWOLVES,110
1998-04-11 04:00:00+00:00,PORTLAND TRAIL BLAZERS,96,VANCOUVER GRIZZLIES,105
1998-04-12 04:00:00+00:00,INDIANA PACERS,93,BOSTON CELTICS,87
1998-04-12 04:00:00+00:00,DETROIT PISTONS,86,CHARLOTTE HORNETS,88
1998-04-12 04:00:00+00:00,NEW YORK KNICKS,81,MIAMI HEAT,82
1998-04-12 04:00:00+00:00,HOUSTON ROCKETS,95,SEATTLE SUPERSONICS,103
1998-04-12 04:00:00+00:00,NEW JERSEY NETS,116,TORONTO RAPTORS,109
1998-04-12 04:00:00+00:00,PHOENIX SUNS,129,VANCOUVER GRIZZLIES,106
1998-04-12 04:00:00+00:00,ATLANTA HAWKS,91,WASHINGTON WIZARDS,81
1998-04-13 04:00:00+00:00,INDIANA PACERS,114,CHICAGO BULLS,105
1998-04-13 04:00:00+00:00,PHOENIX SUNS,105,GOLDEN STATE WARRIORS,97
1998-04-13 04:00:00+00:00,MINNESOTA TIMBERWOLVES,107,LOS ANGELES CLIPPERS,88
1998-04-13 04:00:00+00:00,LOS ANGELES LAKERS,99,SAN ANTONIO SPURS,75
1998-04-14 04:00:00+00:00,PHILADELPHIA 76ERS,94,ATLANTA HAWKS,95
1998-04-14 04:00:00+00:00,BOSTON CELTICS,86,CLEVELAND CAVALIERS,95
1998-04-14 04:00:00+00:00,LOS ANGELES LAKERS,111,DALLAS MAVERICKS,95
1998-04-14 04:00:00+00:00,DENVER NUGGETS,88,HOUSTON ROCKETS,94
1998-04-14 04:00:00+00:00,CHARLOTTE HORNETS,104,MILWAUKEE BUCKS,82
1998-04-14 04:00:00+00:00,TORONTO RAPTORS,96,NEW JERSEY NETS,92
1998-04-14 04:00:00+00:00,WASHINGTON WIZARDS,104,NEW YORK KNICKS,102
1998-04-14 04:00:00+00:00,SACRAMENTO KINGS,66,PORTLAND TRAIL BLAZERS,92
1998-04-14 04:00:00+00:00,VANCOUVER GRIZZLIES,98,SEATTLE SUPERSONICS,110
1998-04-14 04:00:00+00:00,MINNESOTA TIMBERWOLVES,109,UTAH JAZZ,126
1998-04-15 04:00:00+00:00,MILWAUKEE BUCKS,117,BOSTON CELTICS,109
1998-04-15 04:00:00+00:00,NEW JERSEY NETS,103,CHARLOTTE HORNETS,109
1998-04-15 04:00:00+00:00,CHICAGO BULLS,79,DETROIT PISTONS,87
1998-04-15 04:00:00+00:00,ATLANTA HAWKS,70,INDIANA PACERS,82
1998-04-15 04:00:00+00:00,GOLDEN STATE WARRIORS,92,LOS ANGELES CLIPPERS,80
1998-04-15 04:00:00+00:00,ORLANDO MAGIC,99,MIAMI HEAT,87
1998-04-15 04:00:00+00:00,DENVER NUGGETS,89,PHOENIX SUNS,96
1998-04-15 04:00:00+00:00,CLEVELAND CAVALIERS,93,WASHINGTON WIZARDS,101
1998-04-16 04:00:00+00:00,DALLAS MAVERICKS,82,GOLDEN STATE WARRIORS,88
1998-04-16 04:00:00+00:00,TORONTO RAPTORS,79,NEW YORK KNICKS,108
1998-04-16 04:00:00+00:00,LOS ANGELES CLIPPERS,90,PORTLAND TRAIL BLAZERS,99
1998-04-16 04:00:00+00:00,SACRAMENTO KINGS,86,UTAH JAZZ,99
1998-04-16 04:00:00+00:00,SAN ANTONIO SPURS,110,VANCOUVER GRIZZLIES,97
1998-04-17 04:00:00+00:00,CHARLOTTE HORNETS,104,ATLANTA HAWKS,121
1998-04-17 04:00:00+00:00,CLEVELAND CAVALIERS,71,BOSTON CELTICS,78
1998-04-17 04:00:00+00:00,PORTLAND TRAIL BLAZERS,101,DENVER NUGGETS,109
1998-04-17 04:00:00+00:00,MILWAUKEE BUCKS,102,DETROIT PISTONS,108
1998-04-17 04:00:00+00:00,TORONTO RAPTORS,98,INDIANA PACERS,107
1998-04-17 04:00:00+00:00,DALLAS MAVERICKS,95,LOS ANGELES LAKERS,124
1998-04-17 04:00:00+00:00,WASHINGTON WIZARDS,97,MIAMI HEAT,89
1998-04-17 04:00:00+00:00,HOUSTON ROCKETS,95,MINNESOTA TIMBERWOLVES,102
1998-04-17 04:00:00+00:00,NEW JERSEY NETS,109,ORLANDO MAGIC,121
1998-04-17 04:00:00+00:00,CHICAGO BULLS,87,PHILADELPHIA 76ERS,80
1998-04-17 04:00:00+00:00,UTAH JAZZ,102,PHOENIX SUNS,99
1998-04-17 04:00:00+00:00,SAN ANTONIO SPURS,89,SEATTLE SUPERSONICS,87
1998-04-18 04:00:00+00:00,NEW YORK KNICKS,109,CHICAGO BULLS,111
1998-04-18 04:00:00+00:00,INDIANA PACERS,92,CLEVELAND CAVALIERS,96
1998-04-18 04:00:00+00:00,VANCOUVER GRIZZLIES,100,GOLDEN STATE WARRIORS,112
1998-04-18 04:00:00+00:00,SACRAMENTO KINGS,77,LOS ANGELES CLIPPERS,83
1998-04-18 04:00:00+00:00,MINNESOTA TIMBERWOLVES,111,MILWAUKEE BUCKS,109
1998-04-18 04:00:00+00:00,BOSTON CELTICS,95,WASHINGTON WIZARDS,112
1998-04-19 04:00:00+00:00,MIAMI HEAT,89,ATLANTA HAWKS,101
1998-04-19 04:00:00+00:00,ORLANDO MAGIC,76,CHARLOTTE HORNETS,89
1998-04-19 04:00:00+00:00,PHOENIX SUNS,123,HOUSTON ROCKETS,93
1998-04-19 04:00:00+00:00,UTAH JAZZ,98,LOS ANGELES LAKERS,102
1998-04-19 04:00:00+00:00,DETROIT PISTONS,101,NEW JERSEY NETS,114
1998-04-19 04:00:00+00:00,SEATTLE SUPERSONICS,90,PORTLAND TRAIL BLAZERS,82
1998-04-19 04:00:00+00:00,VANCOUVER GRIZZLIES,112,SACRAMENTO KINGS,108
1998-04-19 04:00:00+00:00,DENVER NUGGETS,82,SAN ANTONIO SPURS,96
1998-04-19 04:00:00+00:00,PHILADELPHIA 76ERS,107,TORONTO RAPTORS,78
1998-04-23 04:00:00+00:00,ATLANTA HAWKS,87,CHARLOTTE HORNETS,97
1998-04-23 04:00:00+00:00,CLEVELAND CAVALIERS,77,INDIANA PACERS,106
1998-04-23 04:00:00+00:00,SAN ANTONIO SPURS,102,PHOENIX SUNS,96
1998-04-23 04:00:00+00:00,HOUSTON ROCKETS,103,UTAH JAZZ,90
1998-04-24 04:00:00+00:00,NEW JERSEY NETS,93,CHICAGO BULLS,96
1998-04-24 04:00:00+00:00,PORTLAND TRAIL BLAZERS,102,LOS ANGELES LAKERS,104
1998-04-24 04:00:00+00:00,NEW YORK KNICKS,79,MIAMI HEAT,94
1998-04-24 04:00:00+00:00,MINNESOTA TIMBERWOLVES,83,SEATTLE SUPERSONICS,108
1998-04-25 04:00:00+00:00,ATLANTA HAWKS,85,CHARLOTTE HORNETS,92
1998-04-25 04:00:00+00:00,CLEVELAND CAVALIERS,86,INDIANA PACERS,92
1998-04-25 04:00:00+00:00,SAN ANTONIO SPURS,101,PHOENIX SUNS,108
1998-04-25 04:00:00+00:00,HOUSTON ROCKETS,90,UTAH JAZZ,105
1998-04-26 04:00:00+00:00,NEW JERSEY NETS,91,CHICAGO BULLS,96
1998-04-26 04:00:00+00:00,PORTLAND TRAIL BLAZERS,99,LOS ANGELES LAKERS,108
1998-04-26 04:00:00+00:00,NEW YORK KNICKS,96,MIAMI HEAT,86
1998-04-26 04:00:00+00:00,MINNESOTA TIMBERWOLVES,98,SEATTLE SUPERSONICS,93
1998-04-27 04:00:00+00:00,INDIANA PACERS,77,CLEVELAND CAVALIERS,86
1998-04-27 04:00:00+00:00,PHOENIX SUNS,88,SAN ANTONIO SPURS,100
1998-04-28 04:00:00+00:00,CHARLOTTE HORNETS,64,ATLANTA HAWKS,96
1998-04-28 04:00:00+00:00,SEATTLE SUPERSONICS,90,MINNESOTA TIMBERWOLVES,98
1998-04-28 04:00:00+00:00,MIAMI HEAT,91,NEW YORK KNICKS,85
1998-04-28 04:00:00+00:00,LOS ANGELES LAKERS,94,PORTLAND TRAIL BLAZERS,99
1998-04-29 04:00:00+00:00,UTAH JAZZ,85,HOUSTON ROCKETS,89
1998-04-29 04:00:00+00:00,CHICAGO BULLS,116,NEW JERSEY NETS,101
1998-04-29 04:00:00+00:00,PHOENIX SUNS,80,SAN ANTONIO SPURS,99
1998-04-30 04:00:00+00:00,INDIANA PACERS,80,CLEVELAND CAVALIERS,74
1998-04-30 04:00:00+00:00,SEATTLE SUPERSONICS,92,MINNESOTA TIMBERWOLVES,88
1998-04-30 04:00:00+00:00,MIAMI HEAT,85,NEW YORK KNICKS,90
1998-04-30 04:00:00+00:00,LOS ANGELES LAKERS,110,PORTLAND TRAIL BLAZERS,99
1998-05-01 04:00:00+00:00,UTAH JAZZ,93,HOUSTON ROCKETS,71
1998-05-01 04:00:00+00:00,CHARLOTTE HORNETS,91,ATLANTA HAWKS,82
1998-05-02 04:00:00+00:00,MINNESOTA TIMBERWOLVES,84,SEATTLE SUPERSONICS,97
1998-05-03 04:00:00+00:00,CHARLOTTE HORNETS,70,CHICAGO BULLS,83
1998-05-03 04:00:00+00:00,NEW YORK KNICKS,98,MIAMI HEAT,81
1998-05-03 04:00:00+00:00,HOUSTON ROCKETS,70,UTAH JAZZ,84
1998-05-04 04:00:00+00:00,LOS ANGELES LAKERS,92,SEATTLE SUPERSONICS,106
1998-05-05 04:00:00+00:00,NEW YORK KNICKS,83,INDIANA PACERS,93
1998-05-05 04:00:00+00:00,SAN ANTONIO SPURS,82,UTAH JAZZ,83
1998-05-06 04:00:00+00:00,LOS ANGELES LAKERS,92,SEATTLE SUPERSONICS,68
1998-05-06 04:00:00+00:00,CHARLOTTE HORNETS,78,CHICAGO BULLS,76
1998-05-07 04:00:00+00:00,NEW YORK KNICKS,77,INDIANA PACERS,85
1998-05-07 04:00:00+00:00,SAN ANTONIO SPURS,106,UTAH JAZZ,109
1998-05-08 04:00:00+00:00,CHICAGO BULLS,103,CHARLOTTE HORNETS,89
1998-05-08 04:00:00+00:00,SEATTLE SUPERSONICS,103,LOS ANGELES LAKERS,119
1998-05-09 04:00:00+00:00,INDIANA PACERS,76,NEW YORK KNICKS,83
1998-05-09 04:00:00+00:00,UTAH JAZZ,64,SAN ANTONIO SPURS,86
1998-05-10 04:00:00+00:00,UTAH JAZZ,82,SAN ANTONIO SPURS,73
1998-05-10 04:00:00+00:00,SEATTLE SUPERSONICS,100,LOS ANGELES LAKERS,112
1998-05-10 04:00:00+00:00,CHICAGO BULLS,94,CHARLOTTE HORNETS,80
1998-05-10 04:00:00+00:00,INDIANA PACERS,118,NEW YORK KNICKS,107
1998-05-12 04:00:00+00:00,LOS ANGELES LAKERS,110,SEATTLE SUPERSONICS,95
1998-05-12 04:00:00+00:00,SAN ANTONIO SPURS,77,UTAH JAZZ,87
1998-05-13 04:00:00+00:00,CHARLOTTE HORNETS,84,CHICAGO BULLS,93
1998-05-13 04:00:00+00:00,NEW YORK KNICKS,88,INDIANA PACERS,99
1998-05-16 04:00:00+00:00,LOS ANGELES LAKERS,77,UTAH JAZZ,112
1998-05-17 04:00:00+00:00,INDIANA PACERS,79,CHICAGO BULLS,85
1998-05-18 04:00:00+00:00,LOS ANGELES LAKERS,95,UTAH JAZZ,99
1998-05-19 04:00:00+00:00,INDIANA PACERS,98,CHICAGO BULLS,104
1998-05-22 04:00:00+00:00,UTAH JAZZ,109,LOS ANGELES LAKERS,98
1998-05-23 04:00:00+00:00,CHICAGO BULLS,105,INDIANA PACERS,107
1998-05-24 04:00:00+00:00,UTAH JAZZ,96,LOS ANGELES LAKERS,92
1998-05-25 04:00:00+00:00,CHICAGO BULLS,94,INDIANA PACERS,96
1998-05-27 04:00:00+00:00,INDIANA PACERS,87,CHICAGO BULLS,106
1998-05-29 04:00:00+00:00,CHICAGO BULLS,89,INDIANA PACERS,92
1998-05-31 04:00:00+00:00,INDIANA PACERS,83,CHICAGO BULLS,88
1998-06-03 04:00:00+00:00,CHICAGO BULLS,85,UTAH JAZZ,88
1998-06-05 04:00:00+00:00,CHICAGO BULLS,93,UTAH JAZZ,88
1998-06-07 04:00:00+00:00,UTAH JAZZ,54,CHICAGO BULLS,96
1998-06-10 04:00:00+00:00,UTAH JAZZ,82,CHICAGO BULLS,86
1998-06-12 04:00:00+00:00,UTAH JAZZ,83,CHICAGO BULLS,81
1998-06-14 04:00:00+00:00,CHICAGO BULLS,87,UTAH JAZZ,86
